ID,Vehicles
20170701001,69.12
20170701011,57.5
20170701021,43.845
20170701031,38.22
20170701041,32.63
20170701051,30.94
20170701061,31.73
20170701071,33.515
20170701081,39.85
20170701091,44.6
20170701101,54.8
20170701111,57.495
20170701121,57.055
20170701131,56.265
20170701141,55.95
20170701151,55.76
20170701161,54.65
20170701171,53.73
20170701181,59.54
20170701191,61.77
20170701201,63.93
20170701211,61.91
20170701221,61.835
20170701231,60.81
20170702001,49.58
20170702011,42.235
20170702021,34.35
20170702031,32.085
20170702041,26.33
20170702051,26.315
20170702061,27.15
20170702071,32.67
20170702081,36.805
20170702091,42.57
20170702101,52.76
20170702111,54.095
20170702121,54.965
20170702131,53.48
20170702141,51.68
20170702151,50.86
20170702161,51.485
20170702171,52.395
20170702181,61.42
20170702191,63.93
20170702201,65.12
20170702211,64.12
20170702221,65.6
20170702231,64.275
20170703001,57.055
20170703011,48.85
20170703021,37.27
20170703031,36.72
20170703041,32.69
20170703051,32.98
20170703061,38.73
20170703071,49.91
20170703081,57.265
20170703091,64.445
20170703101,83.26
20170703111,98.125
20170703121,99.18
20170703131,96.225
20170703141,99.45
20170703151,100.95
20170703161,97.32
20170703171,94.05
20170703181,98.1
20170703191,100.94
20170703201,98.23
20170703211,98.315
20170703221,92.365
20170703231,89.18
20170704001,83.825
20170704011,73.455
20170704021,64.11
20170704031,49.91
20170704041,43.855
20170704051,43.68
20170704061,45.97
20170704071,52.965
20170704081,60.285
20170704091,65.38
20170704101,91.55
20170704111,101.03
20170704121,100.995
20170704131,96.905
20170704141,99.765
20170704151,101.23
20170704161,96.745
20170704171,93.37
20170704181,97.58
20170704191,100.785
20170704201,97.42
20170704211,98.8
20170704221,94.655
20170704231,91.08
20170705001,86.78
20170705011,74.23
20170705021,64.75
20170705031,50.025
20170705041,44.335
20170705051,44.41
20170705061,47.25
20170705071,53.4
20170705081,61.77
20170705091,70.4
20170705101,92.08
20170705111,105.27
20170705121,105.895
20170705131,99.17
20170705141,105.545
20170705151,106.8
20170705161,103.25
20170705171,102.645
20170705181,106.085
20170705191,109.625
20170705201,106.18
20170705211,98.72
20170705221,93.82
20170705231,89.72
20170706001,85.54
20170706011,70.065
20170706021,62.57
20170706031,48.715
20170706041,44.065
20170706051,43.115
20170706061,46.755
20170706071,51.545
20170706081,58.78
20170706091,70.055
20170706101,99.88
20170706111,109.52
20170706121,109.855
20170706131,104.675
20170706141,111.34
20170706151,112.495
20170706161,111.82
20170706171,114.595
20170706181,118.685
20170706191,120.495
20170706201,116.71
20170706211,101.195
20170706221,94.28
20170706231,91.37
20170707001,85.26
20170707011,69.45
20170707021,63.025
20170707031,48.81
20170707041,40.79
20170707051,39.715
20170707061,45.975
20170707071,51.24
20170707081,59.08
20170707091,71.75
20170707101,88.99
20170707111,98.845
20170707121,99.24
20170707131,94.78
20170707141,99.065
20170707151,98.55
20170707161,94.665
20170707171,90.545
20170707181,95.425
20170707191,97.87
20170707201,97.49
20170707211,84.74
20170707221,80.26
20170707231,76.86
20170708001,69.14
20170708011,57.03
20170708021,45.515
20170708031,37.27
20170708041,32.965
20170708051,30.45
20170708061,31.755
20170708071,33.73
20170708081,38.57
20170708091,43.23
20170708101,53.465
20170708111,56.395
20170708121,56.52
20170708131,55.8
20170708141,55.59
20170708151,55.555
20170708161,55.88
20170708171,54.85
20170708181,56.365
20170708191,62.79
20170708201,65.705
20170708211,63.59
20170708221,63.545
20170708231,62.28
20170709001,53.085
20170709011,42.87
20170709021,37.13
20170709031,33.765
20170709041,26.06
20170709051,26.12
20170709061,27.11
20170709071,33.745
20170709081,38.88
20170709091,42.06
20170709101,51.705
20170709111,53.11
20170709121,54.46
20170709131,53.025
20170709141,51.01
20170709151,50.71
20170709161,52.085
20170709171,52.67
20170709181,58.29
20170709191,66.7
20170709201,69.275
20170709211,66.42
20170709221,65.47
20170709231,64.635
20170710001,58.34
20170710011,49.565
20170710021,38.64
20170710031,38.885
20170710041,32.47
20170710051,32.835
20170710061,39.89
20170710071,49.975
20170710081,55.38
20170710091,64.445
20170710101,85.335
20170710111,100.685
20170710121,102.37
20170710131,99.355
20170710141,107.03
20170710151,107.53
20170710161,104.345
20170710171,103.125
20170710181,110.195
20170710191,112.81
20170710201,108.81
20170710211,102.32
20170710221,93.665
20170710231,91.51
20170711001,84.64
20170711011,73.495
20170711021,65.0
20170711031,50.0
20170711041,43.075
20170711051,43.465
20170711061,45.835
20170711071,53.06
20170711081,57.99
20170711091,65.765
20170711101,93.51
20170711111,105.92
20170711121,107.005
20170711131,101.98
20170711141,107.245
20170711151,107.8
20170711161,104.985
20170711171,104.73
20170711181,113.5
20170711191,115.14
20170711201,111.175
20170711211,103.085
20170711221,95.845
20170711231,93.68
20170712001,87.435
20170712011,74.03
20170712021,64.765
20170712031,50.75
20170712041,42.865
20170712051,43.64
20170712061,46.95
20170712071,53.765
20170712081,58.83
20170712091,69.575
20170712101,93.015
20170712111,104.045
20170712121,106.4
20170712131,99.735
20170712141,107.185
20170712151,107.09
20170712161,102.765
20170712171,103.4
20170712181,109.61
20170712191,113.62
20170712201,110.73
20170712211,100.315
20170712221,93.87
20170712231,91.075
20170713001,85.9
20170713011,70.045
20170713021,62.565
20170713031,49.48
20170713041,42.745
20170713051,42.805
20170713061,46.485
20170713071,51.955
20170713081,55.58
20170713091,69.27
20170713101,98.435
20170713111,107.775
20170713121,109.1
20170713131,100.145
20170713141,107.14
20170713151,106.73
20170713161,102.67
20170713171,103.81
20170713181,108.895
20170713191,111.915
20170713201,110.01
20170713211,97.97
20170713221,91.77
20170713231,90.385
20170714001,85.285
20170714011,68.05
20170714021,62.0
20170714031,49.34
20170714041,39.62
20170714051,39.17
20170714061,44.345
20170714071,51.175
20170714081,54.6
20170714091,68.84
20170714101,89.745
20170714111,99.07
20170714121,98.915
20170714131,94.785
20170714141,98.745
20170714151,98.7
20170714161,96.595
20170714171,92.29
20170714181,97.45
20170714191,98.59
20170714201,98.5
20170714211,84.625
20170714221,80.4
20170714231,76.16
20170715001,70.25
20170715011,56.255
20170715021,44.67
20170715031,36.455
20170715041,32.38
20170715051,29.35
20170715061,31.22
20170715071,32.85
20170715081,38.98
20170715091,43.64
20170715101,53.235
20170715111,55.295
20170715121,55.47
20170715131,54.475
20170715141,54.615
20170715151,57.47
20170715161,57.65
20170715171,54.33
20170715181,55.705
20170715191,64.3
20170715201,66.24
20170715211,64.29
20170715221,64.185
20170715231,62.725
20170716001,50.95
20170716011,42.02
20170716021,35.485
20170716031,32.82
20170716041,26.42
20170716051,25.575
20170716061,26.48
20170716071,31.18
20170716081,36.85
20170716091,41.21
20170716101,50.96
20170716111,51.67
20170716121,53.01
20170716131,51.625
20170716141,49.955
20170716151,49.975
20170716161,51.105
20170716171,52.105
20170716181,55.105
20170716191,62.545
20170716201,63.97
20170716211,61.595
20170716221,61.665
20170716231,61.44
20170717001,57.48
20170717011,44.18
20170717021,38.04
20170717031,36.975
20170717041,30.87
20170717051,32.545
20170717061,39.185
20170717071,49.72
20170717081,54.85
20170717091,63.595
20170717101,83.68
20170717111,99.52
20170717121,101.715
20170717131,98.77
20170717141,105.77
20170717151,104.56
20170717161,101.125
20170717171,101.035
20170717181,108.36
20170717191,110.565
20170717201,107.72
20170717211,99.07
20170717221,92.485
20170717231,90.66
20170718001,84.69
20170718011,72.165
20170718021,64.36
20170718031,50.66
20170718041,42.27
20170718051,41.58
20170718061,44.67
20170718071,51.665
20170718081,56.785
20170718091,64.975
20170718101,91.915
20170718111,104.765
20170718121,106.565
20170718131,101.52
20170718141,105.46
20170718151,105.18
20170718161,101.755
20170718171,103.005
20170718181,111.995
20170718191,113.35
20170718201,110.505
20170718211,100.975
20170718221,94.705
20170718231,93.59
20170719001,87.05
20170719011,69.965
20170719021,64.0
20170719031,51.01
20170719041,42.23
20170719051,41.15
20170719061,45.165
20170719071,51.995
20170719081,57.92
20170719091,68.06
20170719101,92.62
20170719111,103.005
20170719121,106.085
20170719131,100.37
20170719141,106.68
20170719151,106.005
20170719161,101.84
20170719171,102.845
20170719181,108.32
20170719191,113.11
20170719201,110.7
20170719211,99.13
20170719221,93.335
20170719231,91.155
20170720001,85.09
20170720011,67.26
20170720021,61.94
20170720031,49.035
20170720041,42.325
20170720051,40.82
20170720061,45.18
20170720071,50.17
20170720081,57.665
20170720091,68.25
20170720101,99.71
20170720111,107.575
20170720121,109.665
20170720131,100.76
20170720141,106.765
20170720151,105.995
20170720161,102.425
20170720171,103.525
20170720181,107.895
20170720191,111.545
20170720201,109.985
20170720211,100.37
20170720221,93.655
20170720231,92.29
20170721001,84.69
20170721011,65.85
20170721021,61.93
20170721031,48.955
20170721041,39.125
20170721051,38.27
20170721061,43.15
20170721071,48.42
20170721081,57.96
20170721091,69.25
20170721101,89.56
20170721111,96.52
20170721121,97.39
20170721131,91.2
20170721141,96.47
20170721151,95.635
20170721161,89.935
20170721171,88.165
20170721181,91.58
20170721191,96.98
20170721201,94.115
20170721211,84.135
20170721221,78.02
20170721231,75.375
20170722001,70.13
20170722011,55.43
20170722021,46.46
20170722031,39.145
20170722041,33.085
20170722051,29.4
20170722061,32.285
20170722071,34.2
20170722081,38.525
20170722091,43.845
20170722101,52.295
20170722111,55.045
20170722121,55.15
20170722131,53.78
20170722141,54.495
20170722151,56.2
20170722161,57.255
20170722171,54.895
20170722181,57.78
20170722191,64.365
20170722201,65.52
20170722211,64.805
20170722221,64.21
20170722231,62.405
20170723001,52.61
20170723011,43.665
20170723021,35.345
20170723031,33.2
20170723041,27.88
20170723051,27.185
20170723061,27.635
20170723071,32.01
20170723081,37.335
20170723091,42.64
20170723101,52.085
20170723111,53.41
20170723121,54.855
20170723131,53.985
20170723141,52.465
20170723151,52.3
20170723161,53.315
20170723171,54.025
20170723181,57.88
20170723191,63.81
20170723201,64.595
20170723211,63.17
20170723221,63.815
20170723231,63.47
20170724001,58.53
20170724011,49.03
20170724021,40.925
20170724031,38.59
20170724041,33.57
20170724051,33.61
20170724061,41.22
20170724071,49.33
20170724081,56.135
20170724091,66.73
20170724101,81.325
20170724111,94.575
20170724121,98.1
20170724131,92.54
20170724141,101.965
20170724151,101.34
20170724161,96.575
20170724171,97.065
20170724181,106.325
20170724191,109.25
20170724201,107.895
20170724211,104.525
20170724221,96.225
20170724231,93.74
20170725001,85.28
20170725011,73.545
20170725021,65.515
20170725031,51.65
20170725041,42.195
20170725051,40.28
20170725061,45.5
20170725071,52.25
20170725081,58.425
20170725091,67.795
20170725101,91.815
20170725111,101.71
20170725121,103.795
20170725131,95.76
20170725141,103.15
20170725151,103.065
20170725161,99.385
20170725171,99.94
20170725181,109.21
20170725191,112.065
20170725201,110.415
20170725211,106.705
20170725221,97.5
20170725231,97.095
20170726001,88.845
20170726011,71.05
20170726021,65.89
20170726031,52.735
20170726041,43.35
20170726051,40.335
20170726061,46.095
20170726071,52.6
20170726081,58.98
20170726091,68.705
20170726101,91.55
20170726111,102.44
20170726121,104.745
20170726131,98.025
20170726141,107.445
20170726151,107.315
20170726161,101.08
20170726171,102.77
20170726181,110.075
20170726191,115.235
20170726201,112.715
20170726211,103.925
20170726221,96.845
20170726231,95.03
20170727001,87.37
20170727011,67.87
20170727021,63.835
20170727031,50.72
20170727041,43.18
20170727051,40.08
20170727061,46.215
20170727071,51.12
20170727081,58.17
20170727091,68.55
20170727101,98.895
20170727111,115.555
20170727121,116.16
20170727131,104.75
20170727141,113.73
20170727151,113.625
20170727161,107.14
20170727171,108.63
20170727181,113.49
20170727191,117.18
20170727201,114.125
20170727211,103.505
20170727221,96.725
20170727231,94.75
20170728001,86.81
20170728011,66.47
20170728021,63.745
20170728031,50.955
20170728041,40.925
20170728051,38.745
20170728061,44.4
20170728071,50.28
20170728081,57.735
20170728091,68.68
20170728101,89.565
20170728111,98.465
20170728121,98.525
20170728131,91.925
20170728141,99.155
20170728151,98.245
20170728161,93.105
20170728171,90.635
20170728181,93.42
20170728191,99.25
20170728201,95.96
20170728211,85.235
20170728221,79.48
20170728231,76.875
20170729001,70.455
20170729011,55.795
20170729021,46.685
20170729031,40.8
20170729041,31.865
20170729051,29.26
20170729061,31.895
20170729071,32.795
20170729081,38.76
20170729091,44.115
20170729101,61.98
20170729111,65.15
20170729121,64.365
20170729131,59.71
20170729141,57.025
20170729151,56.38
20170729161,57.16
20170729171,57.35
20170729181,58.915
20170729191,63.63
20170729201,64.8
20170729211,62.375
20170729221,61.94
20170729231,60.5
20170730001,55.895
20170730011,42.825
20170730021,34.62
20170730031,33.23
20170730041,28.185
20170730051,26.585
20170730061,28.105
20170730071,30.785
20170730081,37.255
20170730091,42.785
20170730101,54.44
20170730111,57.925
20170730121,59.64
20170730131,58.915
20170730141,56.305
20170730151,54.865
20170730161,55.96
20170730171,56.04
20170730181,57.325
20170730191,60.93
20170730201,61.555
20170730211,60.68
20170730221,61.435
20170730231,61.835
20170731001,58.365
20170731011,47.81
20170731021,41.21
20170731031,43.84
20170731041,40.18
20170731051,40.485
20170731061,41.795
20170731071,48.995
20170731081,55.71
20170731091,68.75
20170731101,81.945
20170731111,105.58
20170731121,108.485
20170731131,100.405
20170731141,108.725
20170731151,108.42
20170731161,102.815
20170731171,102.54
20170731181,109.87
20170731191,111.23
20170731201,106.705
20170731211,93.855
20170731221,72.45
20170731231,72.555
20170801001,83.875
20170801011,73.455
20170801021,64.69
20170801031,49.925
20170801041,43.875
20170801051,43.655
20170801061,45.76
20170801071,51.725
20170801081,59.8
20170801091,65.42
20170801101,91.2
20170801111,101.805
20170801121,101.865
20170801131,97.2
20170801141,100.17
20170801151,101.8
20170801161,98.945
20170801171,95.83
20170801181,99.28
20170801191,102.055
20170801201,98.965
20170801211,99.145
20170801221,94.555
20170801231,91.17
20170802001,86.555
20170802011,74.165
20170802021,64.62
20170802031,50.07
20170802041,43.76
20170802051,43.745
20170802061,47.235
20170802071,53.2
20170802081,60.96
20170802091,69.785
20170802101,91.275
20170802111,106.04
20170802121,106.77
20170802131,99.485
20170802141,106.03
20170802151,107.5
20170802161,106.55
20170802171,106.29
20170802181,108.135
20170802191,111.26
20170802201,107.885
20170802211,99.125
20170802221,93.655
20170802231,89.68
20170803001,85.28
20170803011,70.535
20170803021,62.4
20170803031,48.83
20170803041,43.515
20170803051,42.835
20170803061,46.58
20170803071,51.96
20170803081,57.675
20170803091,69.44
20170803101,97.27
20170803111,107.27
20170803121,107.86
20170803131,99.89
20170803141,106.13
20170803151,107.265
20170803161,106.8
20170803171,106.6
20170803181,107.735
20170803191,110.155
20170803201,107.345
20170803211,98.255
20170803221,92.325
20170803231,89.28
20170804001,84.63
20170804011,69.02
20170804021,62.0
20170804031,48.89
20170804041,40.305
20170804051,39.71
20170804061,45.255
20170804071,51.745
20170804081,57.735
20170804091,69.585
20170804101,88.18
20170804111,98.1
20170804121,98.515
20170804131,94.71
20170804141,99.06
20170804151,98.48
20170804161,94.295
20170804171,90.135
20170804181,95.125
20170804191,98.035
20170804201,97.645
20170804211,85.12
20170804221,81.535
20170804231,79.28
20170805001,69.12
20170805011,57.44
20170805021,45.675
20170805031,37.86
20170805041,32.89
20170805051,31.24
20170805061,31.995
20170805071,33.665
20170805081,38.74
20170805091,44.23
20170805101,54.505
20170805111,57.235
20170805121,56.965
20170805131,56.195
20170805141,55.925
20170805151,55.82
20170805161,54.975
20170805171,53.93
20170805181,56.495
20170805191,60.845
20170805201,63.86
20170805211,61.83
20170805221,61.635
20170805231,60.38
20170806001,50.205
20170806011,41.52
20170806021,35.945
20170806031,33.29
20170806041,26.22
20170806051,26.125
20170806061,26.96
20170806071,32.195
20170806081,35.83
20170806091,42.67
20170806101,51.94
20170806111,53.24
20170806121,54.325
20170806131,52.87
20170806141,50.96
20170806151,50.385
20170806161,51.255
20170806171,52.21
20170806181,56.0
20170806191,59.65
20170806201,61.67
20170806211,61.28
20170806221,61.925
20170806231,59.8
20170807001,57.24
20170807011,48.325
20170807021,38.48
20170807031,38.395
20170807041,32.725
20170807051,32.96
20170807061,40.03
20170807071,49.835
20170807081,58.58
20170807091,65.52
20170807101,85.24
20170807111,102.34
20170807121,103.76
20170807131,103.005
20170807141,110.465
20170807151,112.105
20170807161,112.95
20170807171,115.86
20170807181,121.765
20170807191,122.64
20170807201,116.86
20170807211,102.655
20170807221,94.305
20170807231,91.6
20170808001,84.655
20170808011,74.275
20170808021,64.835
20170808031,49.695
20170808041,44.35
20170808051,44.075
20170808061,47.565
20170808071,53.0
20170808081,59.265
20170808091,67.36
20170808101,94.535
20170808111,106.83
20170808121,107.465
20170808131,104.56
20170808141,110.62
20170808151,112.135
20170808161,113.68
20170808171,117.13
20170808181,123.995
20170808191,124.485
20170808201,118.84
20170808211,103.415
20170808221,95.89
20170808231,93.54
20170809001,87.47
20170809011,73.735
20170809021,65.065
20170809031,49.88
20170809041,43.95
20170809051,44.03
20170809061,47.56
20170809071,53.36
20170809081,58.865
20170809091,69.215
20170809101,94.81
20170809111,105.1
20170809121,106.725
20170809131,99.855
20170809141,107.23
20170809151,107.13
20170809161,102.725
20170809171,103.38
20170809181,109.315
20170809191,113.505
20170809201,110.65
20170809211,99.47
20170809221,93.48
20170809231,91.055
20170810001,85.95
20170810011,68.72
20170810021,62.715
20170810031,48.645
20170810041,43.74
20170810051,43.015
20170810061,46.43
20170810071,51.69
20170810081,55.53
20170810091,68.745
20170810101,100.835
20170810111,107.65
20170810121,108.8
20170810131,100.3
20170810141,107.405
20170810151,107.065
20170810161,102.965
20170810171,104.045
20170810181,108.945
20170810191,112.17
20170810201,110.305
20170810211,98.655
20170810221,91.17
20170810231,90.44
20170811001,85.185
20170811011,67.085
20170811021,62.635
20170811031,48.765
20170811041,40.005
20170811051,39.16
20170811061,44.815
20170811071,51.31
20170811081,55.005
20170811091,68.52
20170811101,89.86
20170811111,98.83
20170811121,99.26
20170811131,94.65
20170811141,99.055
20170811151,98.545
20170811161,94.655
20170811171,90.665
20170811181,95.575
20170811191,97.88
20170811201,97.61
20170811211,84.44
20170811221,80.015
20170811231,76.3
20170812001,69.66
20170812011,56.795
20170812021,46.19
20170812031,39.23
20170812041,32.92
20170812051,30.34
20170812061,31.805
20170812071,33.605
20170812081,39.225
20170812091,43.48
20170812101,53.3
20170812111,56.225
20170812121,56.39
20170812131,55.63
20170812141,55.455
20170812151,55.575
20170812161,55.91
20170812171,54.895
20170812181,57.46
20170812191,65.65
20170812201,67.95
20170812211,65.43
20170812221,64.895
20170812231,63.805
20170813001,50.36
20170813011,41.66
20170813021,35.35
20170813031,32.98
20170813041,26.22
20170813051,25.675
20170813061,26.73
20170813071,31.11
20170813081,37.05
20170813091,42.34
20170813101,51.53
20170813111,52.95
20170813121,54.305
20170813131,52.695
20170813141,50.87
20170813151,50.635
20170813161,52.0
20170813171,52.72
20170813181,56.545
20170813191,63.425
20170813201,64.725
20170813211,62.4
20170813221,62.11
20170813231,61.47
20170814001,57.51
20170814011,45.035
20170814021,38.22
20170814031,38.13
20170814041,32.375
20170814051,32.91
20170814061,39.875
20170814071,50.425
20170814081,54.97
20170814091,63.995
20170814101,84.175
20170814111,100.025
20170814121,101.94
20170814131,98.755
20170814141,105.89
20170814151,105.03
20170814161,101.605
20170814171,101.48
20170814181,109.695
20170814191,111.45
20170814201,108.18
20170814211,100.32
20170814221,94.12
20170814231,91.595
20170815001,84.935
20170815011,73.22
20170815021,64.165
20170815031,50.815
20170815041,42.75
20170815051,42.805
20170815061,45.465
20170815071,52.55
20170815081,56.605
20170815091,65.41
20170815101,91.94
20170815111,105.11
20170815121,106.67
20170815131,101.375
20170815141,105.565
20170815151,104.905
20170815161,102.095
20170815171,103.01
20170815181,113.05
20170815191,113.775
20170815201,110.66
20170815211,100.24
20170815221,94.94
20170815231,93.475
20170816001,87.18
20170816011,70.325
20170816021,63.935
20170816031,50.725
20170816041,42.565
20170816051,42.335
20170816061,45.83
20170816071,52.0
20170816081,56.945
20170816091,68.26
20170816101,92.715
20170816111,103.545
20170816121,106.29
20170816131,99.71
20170816141,106.65
20170816151,106.02
20170816161,101.595
20170816171,102.58
20170816181,108.405
20170816191,112.92
20170816201,110.22
20170816211,97.76
20170816221,92.695
20170816231,90.475
20170817001,85.51
20170817011,66.525
20170817021,61.91
20170817031,48.845
20170817041,42.415
20170817051,41.555
20170817061,45.6
20170817071,50.08
20170817081,55.035
20170817091,68.21
20170817101,98.52
20170817111,107.575
20170817121,109.215
20170817131,100.29
20170817141,106.695
20170817151,105.91
20170817161,101.88
20170817171,103.045
20170817181,107.55
20170817191,111.24
20170817201,109.54
20170817211,96.645
20170817221,90.47
20170817231,89.86
20170818001,84.825
20170818011,64.675
20170818021,61.885
20170818031,48.675
20170818041,39.255
20170818051,38.345
20170818061,43.295
20170818071,48.555
20170818081,54.78
20170818091,68.015
20170818101,89.895
20170818111,97.865
20170818121,98.385
20170818131,92.815
20170818141,97.415
20170818151,97.33
20170818161,93.77
20170818171,90.595
20170818181,94.56
20170818191,97.505
20170818201,96.135
20170818211,84.53
20170818221,78.895
20170818231,75.36
20170819001,70.245
20170819011,55.51
20170819021,45.495
20170819031,36.19
20170819041,32.99
20170819051,29.335
20170819061,31.68
20170819071,33.54
20170819081,38.75
20170819091,43.89
20170819101,52.795
20170819111,54.86
20170819121,55.055
20170819131,53.985
20170819141,54.305
20170819151,56.83
20170819161,57.245
20170819171,54.27
20170819181,55.22
20170819191,62.2
20170819201,64.09
20170819211,62.305
20170819221,62.32
20170819231,61.87
20170820001,52.51
20170820011,42.345
20170820021,35.775
20170820031,33.085
20170820041,27.335
20170820051,26.765
20170820061,27.015
20170820071,31.495
20170820081,37.045
20170820091,42.77
20170820101,51.2
20170820111,51.8
20170820121,53.1
20170820131,51.64
20170820141,50.02
20170820151,49.99
20170820161,51.1
20170820171,52.205
20170820181,55.69
20170820191,62.395
20170820201,63.605
20170820211,61.19
20170820221,61.055
20170820231,61.49
20170821001,57.795
20170821011,47.5
20170821021,40.285
20170821031,38.115
20170821041,32.875
20170821051,33.345
20170821061,39.495
20170821071,49.81
20170821081,56.085
20170821091,66.91
20170821101,81.41
20170821111,99.495
20170821121,101.83
20170821131,99.215
20170821141,105.33
20170821151,104.31
20170821161,100.8
20170821171,101.14
20170821181,108.91
20170821191,110.575
20170821201,108.595
20170821211,103.86
20170821221,96.105
20170821231,94.05
20170822001,84.45
20170822011,73.085
20170822021,64.57
20170822031,50.885
20170822041,42.21
20170822051,40.265
20170822061,44.7
20170822071,51.805
20170822081,58.545
20170822091,68.605
20170822101,93.525
20170822111,105.645
20170822121,107.905
20170822131,102.17
20170822141,107.72
20170822151,106.845
20170822161,102.5
20170822171,103.635
20170822181,112.36
20170822191,113.4
20170822201,111.52
20170822211,105.02
20170822221,96.9
20170822231,96.08
20170823001,86.815
20170823011,70.685
20170823021,64.385
20170823031,51.275
20170823041,42.065
20170823051,39.96
20170823061,45.8
20170823071,51.97
20170823081,59.295
20170823091,69.525
20170823101,92.545
20170823111,103.685
20170823121,106.735
20170823131,99.695
20170823141,110.37
20170823151,109.44
20170823161,102.505
20170823171,103.63
20170823181,110.285
20170823191,115.065
20170823201,112.42
20170823211,100.935
20170823221,95.045
20170823231,92.25
20170824001,84.775
20170824011,67.725
20170824021,62.545
20170824031,49.195
20170824041,41.705
20170824051,39.48
20170824061,45.71
20170824071,50.03
20170824081,58.435
20170824091,68.825
20170824101,99.945
20170824111,107.685
20170824121,109.94
20170824131,99.655
20170824141,110.16
20170824151,109.07
20170824161,103.355
20170824171,104.505
20170824181,110.06
20170824191,113.18
20170824201,111.565
20170824211,100.93
20170824221,94.66
20170824231,92.215
20170825001,85.1
20170825011,66.37
20170825021,63.005
20170825031,49.64
20170825041,39.39
20170825051,38.685
20170825061,43.32
20170825071,49.205
20170825081,58.05
20170825091,68.395
20170825101,89.395
20170825111,97.18
20170825121,97.64
20170825131,91.19
20170825141,97.315
20170825151,96.395
20170825161,91.17
20170825171,89.03
20170825181,92.17
20170825191,97.455
20170825201,94.67
20170825211,84.93
20170825221,79.075
20170825231,76.62
20170826001,70.64
20170826011,55.72
20170826021,46.915
20170826031,41.355
20170826041,33.42
20170826051,30.665
20170826061,33.08
20170826071,35.73
20170826081,39.24
20170826091,47.21
20170826101,60.7
20170826111,63.535
20170826121,62.665
20170826131,59.01
20170826141,57.305
20170826151,57.15
20170826161,57.745
20170826171,57.395
20170826181,59.12
20170826191,63.93
20170826201,65.24
20170826211,64.0
20170826221,63.77
20170826231,61.765
20170827001,55.13
20170827011,43.41
20170827021,34.675
20170827031,32.92
20170827041,28.38
20170827051,26.72
20170827061,28.18
20170827071,31.365
20170827081,37.695
20170827091,44.91
20170827101,55.895
20170827111,59.515
20170827121,60.77
20170827131,59.64
20170827141,57.225
20170827151,56.02
20170827161,56.685
20170827171,56.875
20170827181,58.945
20170827191,62.585
20170827201,63.665
20170827211,61.94
20170827221,63.26
20170827231,63.115
20170828001,58.44
20170828011,47.57
20170828021,40.44
20170828031,38.18
20170828041,33.07
20170828051,33.42
20170828061,40.1
20170828071,49.16
20170828081,55.315
20170828091,67.545
20170828101,80.795
20170828111,113.34
20170828121,113.805
20170828131,103.025
20170828141,113.74
20170828151,112.095
20170828161,105.9
20170828171,106.165
20170828181,115.72
20170828191,119.18
20170828201,113.4
20170828211,104.375
20170828221,96.105
20170828231,94.485
20170829001,86.035
20170829011,72.86
20170829021,64.435
20170829031,50.865
20170829041,43.445
20170829051,40.65
20170829061,46.165
20170829071,52.08
20170829081,58.265
20170829091,68.955
20170829101,93.54
20170829111,119.39
20170829121,119.605
20170829131,107.325
20170829141,115.975
20170829151,114.715
20170829161,109.33
20170829171,109.12
20170829181,116.505
20170829191,119.08
20170829201,112.36
20170829211,101.26
20170829221,94.71
20170829231,94.81
20170830001,87.1
20170830011,69.175
20170830021,63.945
20170830031,50.97
20170830041,42.665
20170830051,40.385
20170830061,45.945
20170830071,52.55
20170830081,58.99
20170830091,69.725
20170830101,92.78
20170830111,108.855
20170830121,111.525
20170830131,103.525
20170830141,112.49
20170830151,112.985
20170830161,105.595
20170830171,107.135
20170830181,111.685
20170830191,116.655
20170830201,112.17
20170830211,94.98
20170830221,76.045
20170830231,75.545
20170831001,85.65
20170831011,67.155
20170831021,61.55
20170831031,49.53
20170831041,42.785
20170831051,40.115
20170831061,46.225
20170831071,50.64
20170831081,58.215
20170831091,69.23
20170831101,100.78
20170831111,108.42
20170831121,110.89
20170831131,102.47
20170831141,108.485
20170831151,109.53
20170831161,104.53
20170831171,105.655
20170831181,108.095
20170831191,110.24
20170831201,108.92
20170831211,95.41
20170831221,82.45
20170831231,82.12
20170901001,84.725
20170901011,69.045
20170901021,62.655
20170901031,48.88
20170901041,40.38
20170901051,39.81
20170901061,45.18
20170901071,50.93
20170901081,57.255
20170901091,69.605
20170901101,88.14
20170901111,98.1
20170901121,98.515
20170901131,94.71
20170901141,99.06
20170901151,98.48
20170901161,94.295
20170901171,90.135
20170901181,95.125
20170901191,98.035
20170901201,97.645
20170901211,85.12
20170901221,81.535
20170901231,79.28
20170902001,69.12
20170902011,57.5
20170902021,43.845
20170902031,38.22
20170902041,32.73
20170902051,31.015
20170902061,31.83
20170902071,33.615
20170902081,39.85
20170902091,44.6
20170902101,55.165
20170902111,57.87
20170902121,57.435
20170902131,56.625
20170902141,56.31
20170902151,56.075
20170902161,54.935
20170902171,53.995
20170902181,60.085
20170902191,62.82
20170902201,64.99
20170902211,62.95
20170902221,62.895
20170902231,61.915
20170903001,50.615
20170903011,42.825
20170903021,35.32
20170903031,33.06
20170903041,26.445
20170903051,26.42
20170903061,27.23
20170903071,32.75
20170903081,38.44
20170903091,44.985
20170903101,52.76
20170903111,54.095
20170903121,54.965
20170903131,53.48
20170903141,51.68
20170903151,50.86
20170903161,51.485
20170903171,52.395
20170903181,59.745
20170903191,62.845
20170903201,64.61
20170903211,63.6
20170903221,64.93
20170903231,63.35
20170904001,57.74
20170904011,49.14
20170904021,38.015
20170904031,37.105
20170904041,32.635
20170904051,32.945
20170904061,39.32
20170904071,49.89
20170904081,57.54
20170904091,64.415
20170904101,83.5
20170904111,97.305
20170904121,98.31
20170904131,95.83
20170904141,98.945
20170904151,100.34
20170904161,94.935
20170904171,91.335
20170904181,96.26
20170904191,99.55
20170904201,96.58
20170904211,97.97
20170904221,92.465
20170904231,89.09
20170905001,83.79
20170905011,73.575
20170905021,64.17
20170905031,49.89
20170905041,44.425
20170905051,44.24
20170905061,46.02
20170905071,53.1
20170905081,60.635
20170905091,65.47
20170905101,91.965
20170905111,101.03
20170905121,100.995
20170905131,96.925
20170905141,99.765
20170905151,101.23
20170905161,96.745
20170905171,93.37
20170905181,97.58
20170905191,100.785
20170905201,97.42
20170905211,98.78
20170905221,94.69
20170905231,91.1
20170906001,86.78
20170906011,74.23
20170906021,64.75
20170906031,49.995
20170906041,44.37
20170906051,44.4
20170906061,47.34
20170906071,53.095
20170906081,61.815
20170906091,70.4
20170906101,93.605
20170906111,107.71
20170906121,108.195
20170906131,104.17
20170906141,111.115
20170906151,112.745
20170906161,111.72
20170906171,114.31
20170906181,119.24
20170906191,121.805
20170906201,117.12
20170906211,102.35
20170906221,96.51
20170906231,92.095
20170907001,86.06
20170907011,71.31
20170907021,63.52
20170907031,48.715
20170907041,44.145
20170907051,43.195
20170907061,48.14
20170907071,51.615
20170907081,59.53
20170907091,71.815
20170907101,100.22
20170907111,107.545
20170907121,108.72
20170907131,100.3
20170907141,107.39
20170907151,107.17
20170907161,103.065
20170907171,104.05
20170907181,108.58
20170907191,111.805
20170907201,109.69
20170907211,98.325
20170907221,92.14
20170907231,90.64
20170908001,85.155
20170908011,67.545
20170908021,62.41
20170908031,48.62
20170908041,40.65
20170908051,39.57
20170908061,45.68
20170908071,51.25
20170908081,56.45
20170908091,71.69
20170908101,89.135
20170908111,98.835
20170908121,99.24
20170908131,94.78
20170908141,99.065
20170908151,98.55
20170908161,94.665
20170908171,90.545
20170908181,95.435
20170908191,97.89
20170908201,97.49
20170908211,84.62
20170908221,80.115
20170908231,76.73
20170909001,69.17
20170909011,56.865
20170909021,46.215
20170909031,37.36
20170909041,33.055
20170909051,30.415
20170909061,31.81
20170909071,33.86
20170909081,40.38
20170909091,43.11
20170909101,53.465
20170909111,56.395
20170909121,56.52
20170909131,55.8
20170909141,55.59
20170909151,55.555
20170909161,55.88
20170909171,54.85
20170909181,56.51
20170909191,62.72
20170909201,65.72
20170909211,63.565
20170909221,63.49
20170909231,62.295
20170910001,53.74
20170910011,42.895
20170910021,37.06
20170910031,33.815
20170910041,25.925
20170910051,26.135
20170910061,27.11
20170910071,33.815
20170910081,39.27
20170910091,42.065
20170910101,51.705
20170910111,53.11
20170910121,54.455
20170910131,53.005
20170910141,51.01
20170910151,50.71
20170910161,52.085
20170910171,52.68
20170910181,58.46
20170910191,66.435
20170910201,68.97
20170910211,66.155
20170910221,65.31
20170910231,64.385
20170911001,58.435
20170911011,49.32
20170911021,38.755
20170911031,38.805
20170911041,32.35
20170911051,32.82
20170911061,39.825
20170911071,50.03
20170911081,55.3
20170911091,64.09
20170911101,84.845
20170911111,100.63
20170911121,102.395
20170911131,99.395
20170911141,107.095
20170911151,107.61
20170911161,104.345
20170911171,103.125
20170911181,110.195
20170911191,112.81
20170911201,108.81
20170911211,102.575
20170911221,94.105
20170911231,91.54
20170912001,84.7
20170912011,74.455
20170912021,64.935
20170912031,50.585
20170912041,43.15
20170912051,43.525
20170912061,46.495
20170912071,53.48
20170912081,58.145
20170912091,66.14
20170912101,92.58
20170912111,105.885
20170912121,107.02
20170912131,101.965
20170912141,107.245
20170912151,107.8
20170912161,104.985
20170912171,104.73
20170912181,113.55
20170912191,115.14
20170912201,111.175
20170912211,103.085
20170912221,95.83
20170912231,93.665
20170913001,87.435
20170913011,74.015
20170913021,64.63
20170913031,50.74
20170913041,42.825
20170913051,43.645
20170913061,47.075
20170913071,53.875
20170913081,58.755
20170913091,69.545
20170913101,92.93
20170913111,104.045
20170913121,106.4
20170913131,99.67
20170913141,107.06
20170913151,106.9
20170913161,102.55
20170913171,103.28
20170913181,109.685
20170913191,113.475
20170913201,110.62
20170913211,99.205
20170913221,94.0
20170913231,91.06
20170914001,85.9
20170914011,69.455
20170914021,62.07
20170914031,49.48
20170914041,41.815
20170914051,42.52
20170914061,46.09
20170914071,51.915
20170914081,55.175
20170914091,68.825
20170914101,98.425
20170914111,107.5
20170914121,109.005
20170914131,100.07
20170914141,107.005
20170914151,106.565
20170914161,102.495
20170914171,103.675
20170914181,108.62
20170914191,111.785
20170914201,109.905
20170914211,97.735
20170914221,91.62
20170914231,90.405
20170915001,85.18
20170915011,66.725
20170915021,61.695
20170915031,49.43
20170915041,39.815
20170915051,39.04
20170915061,44.01
20170915071,49.91
20170915081,54.16
20170915091,68.37
20170915101,90.445
20170915111,99.045
20170915121,98.935
20170915131,94.81
20170915141,98.77
20170915151,98.7
20170915161,96.745
20170915171,92.405
20170915181,97.545
20170915191,98.55
20170915201,98.535
20170915211,84.67
20170915221,80.42
20170915231,76.065
20170916001,70.29
20170916011,55.775
20170916021,45.025
20170916031,35.865
20170916041,32.275
20170916051,29.205
20170916061,31.02
20170916071,32.73
20170916081,38.985
20170916091,43.605
20170916101,53.205
20170916111,55.295
20170916121,55.47
20170916131,54.475
20170916141,54.615
20170916151,57.47
20170916161,57.65
20170916171,54.33
20170916181,55.53
20170916191,64.63
20170916201,66.57
20170916211,64.49
20170916221,64.415
20170916231,63.125
20170917001,51.01
20170917011,41.945
20170917021,35.61
20170917031,32.815
20170917041,27.0
20170917051,26.145
20170917061,26.095
20170917071,31.015
20170917081,36.905
20170917091,41.21
20170917101,50.945
20170917111,51.625
20170917121,53.01
20170917131,51.58
20170917141,49.88
20170917151,49.93
20170917161,51.03
20170917171,52.045
20170917181,55.02
20170917191,62.565
20170917201,63.97
20170917211,61.36
20170917221,61.525
20170917231,61.515
20170918001,57.675
20170918011,44.365
20170918021,38.115
20170918031,36.975
20170918041,30.895
20170918051,32.615
20170918061,39.03
20170918071,49.815
20170918081,54.945
20170918091,63.245
20170918101,83.68
20170918111,99.5
20170918121,101.72
20170918131,98.91
20170918141,105.735
20170918151,104.53
20170918161,101.14
20170918171,101.1
20170918181,108.395
20170918191,110.655
20170918201,107.89
20170918211,99.785
20170918221,92.91
20170918231,90.95
20170919001,84.66
20170919011,72.445
20170919021,64.375
20170919031,50.92
20170919041,42.22
20170919051,41.345
20170919061,44.39
20170919071,51.715
20170919081,57.395
20170919091,64.92
20170919101,91.96
20170919111,104.725
20170919121,106.59
20170919131,101.585
20170919141,105.46
20170919151,105.225
20170919161,101.77
20170919171,103.005
20170919181,111.995
20170919191,113.35
20170919201,110.745
20170919211,101.485
20170919221,94.77
20170919231,93.94
20170920001,87.025
20170920011,70.81
20170920021,64.01
20170920031,51.33
20170920041,42.495
20170920051,41.265
20170920061,45.23
20170920071,52.06
20170920081,58.615
20170920091,68.205
20170920101,92.79
20170920111,103.025
20170920121,106.07
20170920131,100.35
20170920141,106.64
20170920151,106.005
20170920161,101.84
20170920171,102.845
20170920181,108.335
20170920191,113.095
20170920201,110.7
20170920211,101.23
20170920221,94.975
20170920231,92.705
20170921001,85.155
20170921011,67.46
20170921021,61.955
20170921031,49.03
20170921041,42.465
20170921051,40.54
20170921061,45.265
20170921071,50.135
20170921081,58.11
20170921091,69.42
20170921101,100.085
20170921111,107.365
20170921121,109.51
20170921131,100.765
20170921141,106.76
20170921151,105.93
20170921161,102.45
20170921171,103.575
20170921181,107.815
20170921191,111.51
20170921201,109.94
20170921211,99.73
20170921221,93.885
20170921231,91.955
20170922001,84.335
20170922011,65.75
20170922021,62.045
20170922031,48.84
20170922041,39.035
20170922051,38.055
20170922061,43.135
20170922071,48.38
20170922081,58.135
20170922091,69.345
20170922101,90.025
20170922111,96.05
20170922121,97.095
20170922131,91.145
20170922141,96.655
20170922151,95.745
20170922161,89.965
20170922171,88.18
20170922181,91.545
20170922191,97.145
20170922201,94.215
20170922211,84.545
20170922221,78.39
20170922231,75.845
20170923001,70.11
20170923011,55.43
20170923021,46.54
20170923031,40.54
20170923041,33.26
20170923051,29.865
20170923061,32.67
20170923071,34.47
20170923081,38.585
20170923091,44.06
20170923101,52.185
20170923111,55.135
20170923121,55.215
20170923131,53.89
20170923141,54.605
20170923151,56.265
20170923161,57.35
20170923171,55.15
20170923181,58.01
20170923191,63.84
20170923201,65.035
20170923211,64.665
20170923221,64.345
20170923231,62.395
20170924001,54.185
20170924011,42.38
20170924021,35.15
20170924031,33.17
20170924041,28.18
20170924051,27.16
20170924061,28.195
20170924071,32.025
20170924081,37.41
20170924091,43.46
20170924101,52.12
20170924111,53.445
20170924121,54.885
20170924131,54.015
20170924141,52.62
20170924151,52.43
20170924161,53.445
20170924171,54.11
20170924181,57.88
20170924191,63.15
20170924201,64.035
20170924211,62.44
20170924221,63.605
20170924231,63.445
20170925001,58.625
20170925011,49.15
20170925021,40.85
20170925031,38.625
20170925041,33.53
20170925051,33.535
20170925061,41.155
20170925071,49.045
20170925081,55.79
20170925091,66.38
20170925101,81.185
20170925111,92.445
20170925121,95.825
20170925131,90.435
20170925141,99.83
20170925151,99.15
20170925161,94.015
20170925171,95.315
20170925181,105.77
20170925191,109.205
20170925201,107.88
20170925211,105.74
20170925221,96.96
20170925231,94.89
20170926001,86.68
20170926011,73.585
20170926021,66.04
20170926031,52.195
20170926041,43.26
20170926051,40.51
20170926061,45.485
20170926071,52.22
20170926081,58.34
20170926091,67.76
20170926101,91.585
20170926111,99.435
20170926121,101.715
20170926131,94.535
20170926141,101.865
20170926151,101.57
20170926161,98.13
20170926171,98.96
20170926181,108.895
20170926191,111.935
20170926201,110.485
20170926211,107.165
20170926221,97.62
20170926231,97.295
20170927001,89.135
20170927011,70.92
20170927021,66.085
20170927031,52.815
20170927041,43.33
20170927051,40.36
20170927061,46.4
20170927071,52.82
20170927081,58.985
20170927091,68.74
20170927101,91.625
20170927111,113.325
20170927121,114.195
20170927131,104.605
20170927141,113.88
20170927151,113.93
20170927161,106.195
20170927171,107.53
20170927181,113.94
20170927191,119.62
20170927201,115.265
20170927211,103.96
20170927221,96.635
20170927231,95.095
20170928001,87.02
20170928011,67.79
20170928021,63.885
20170928031,50.88
20170928041,43.375
20170928051,40.125
20170928061,46.985
20170928071,51.01
20170928081,57.93
20170928091,69.0
20170928101,98.61
20170928111,113.635
20170928121,115.545
20170928131,104.215
20170928141,112.775
20170928151,112.98
20170928161,105.775
20170928171,107.705
20170928181,112.06
20170928191,116.645
20170928201,112.58
20170928211,101.82
20170928221,96.34
20170928231,94.59
20170929001,86.135
20170929011,66.53
20170929021,61.795
20170929031,49.57
20170929041,40.955
20170929051,38.79
20170929061,44.47
20170929071,50.0
20170929081,57.755
20170929091,68.355
20170929101,90.16
20170929111,99.25
20170929121,98.91
20170929131,92.76
20170929141,100.835
20170929151,100.08
20170929161,94.86
20170929171,91.835
20170929181,94.685
20170929191,101.555
20170929201,97.595
20170929211,85.81
20170929221,80.52
20170929231,77.38
20170930001,70.38
20170930011,55.85
20170930021,41.325
20170930031,34.005
20170930041,23.66
20170930051,21.98
20170930061,23.62
20170930071,25.27
20170930081,28.005
20170930091,33.765
20170930101,25.72
20170930111,25.84
20170930121,25.505
20170930131,25.595
20170930141,28.26
20170930151,30.175
20170930161,33.085
20170930171,31.33
20170930181,37.815
20170930191,39.74
20170930201,40.405
20170930211,42.18
20170930221,41.4
20170930231,40.415
20171001001,36.28
20171001011,29.585
20171001021,20.725
20171001031,18.55
20171001041,18.24
20171001051,17.775
20171001061,18.305
20171001071,21.535
20171001081,24.725
20171001091,30.36
20171001101,24.25
20171001111,24.345
20171001121,24.02
20171001131,24.47
20171001141,27.33
20171001151,29.34
20171001161,32.22
20171001171,30.56
20171001181,36.81
20171001191,37.77
20171001201,38.285
20171001211,40.255
20171001221,39.545
20171001231,38.585
20171002001,53.735
20171002011,45.91
20171002021,35.16
20171002031,34.465
20171002041,33.505
20171002051,33.25
20171002061,37.085
20171002071,49.045
20171002081,57.19
20171002091,64.445
20171002101,83.26
20171002111,98.125
20171002121,99.18
20171002131,96.225
20171002141,99.45
20171002151,100.95
20171002161,97.32
20171002171,94.05
20171002181,98.1
20171002191,100.94
20171002201,98.23
20171002211,98.315
20171002221,92.365
20171002231,89.18
20171003001,83.875
20171003011,73.455
20171003021,64.14
20171003031,49.925
20171003041,43.835
20171003051,43.62
20171003061,46.24
20171003071,53.09
20171003081,59.895
20171003091,65.42
20171003101,91.19
20171003111,101.805
20171003121,101.865
20171003131,97.2
20171003141,100.17
20171003151,101.8
20171003161,98.945
20171003171,95.83
20171003181,99.28
20171003191,102.055
20171003201,98.965
20171003211,99.145
20171003221,94.555
20171003231,91.17
20171004001,86.505
20171004011,74.165
20171004021,64.55
20171004031,50.055
20171004041,43.8
20171004051,43.84
20171004061,47.005
20171004071,53.2
20171004081,61.41
20171004091,69.745
20171004101,91.63
20171004111,105.27
20171004121,105.895
20171004131,99.19
20171004141,105.625
20171004151,106.93
20171004161,104.35
20171004171,103.83
20171004181,106.435
20171004191,109.99
20171004201,106.34
20171004211,98.78
20171004221,93.755
20171004231,89.59
20171005001,85.49
20171005011,70.065
20171005021,62.57
20171005031,48.765
20171005041,44.03
20171005051,43.145
20171005061,46.61
20171005071,51.94
20171005081,58.755
20171005091,70.055
20171005101,98.485
20171005111,106.685
20171005121,107.15
20171005131,99.635
20171005141,105.71
20171005151,106.52
20171005161,103.335
20171005171,102.895
20171005181,105.64
20171005191,108.55
20171005201,105.74
20171005211,97.805
20171005221,92.38
20171005231,89.32
20171006001,84.825
20171006011,68.62
20171006021,62.135
20171006031,48.81
20171006041,40.735
20171006051,39.665
20171006061,45.305
20171006071,51.27
20171006081,58.33
20171006091,70.24
20171006101,88.93
20171006111,98.845
20171006121,99.24
20171006131,94.78
20171006141,99.065
20171006151,98.55
20171006161,94.665
20171006171,90.545
20171006181,95.425
20171006191,97.87
20171006201,97.49
20171006211,84.74
20171006221,80.26
20171006231,76.86
20171007001,69.155
20171007011,57.315
20171007021,39.64
20171007031,31.365
20171007041,24.155
20171007051,22.68
20171007061,23.565
20171007071,25.79
20171007081,27.995
20171007091,33.5
20171007101,24.515
20171007111,24.75
20171007121,24.395
20171007131,24.96
20171007141,28.045
20171007151,30.15
20171007161,32.99
20171007171,31.085
20171007181,37.575
20171007191,39.6
20171007201,40.345
20171007211,42.055
20171007221,41.33
20171007231,40.43
20171008001,42.725
20171008011,35.53
20171008021,26.795
20171008031,23.845
20171008041,19.49
20171008051,19.12
20171008061,19.705
20171008071,23.13
20171008081,25.955
20171008091,32.09
20171008101,24.45
20171008111,24.525
20171008121,24.285
20171008131,24.725
20171008141,27.555
20171008151,29.55
20171008161,32.49
20171008171,30.785
20171008181,37.405
20171008191,39.3
20171008201,39.845
20171008211,41.78
20171008221,41.045
20171008231,40.085
20171009001,57.895
20171009011,49.66
20171009021,38.52
20171009031,38.95
20171009041,32.725
20171009051,32.955
20171009061,39.895
20171009071,49.96
20171009081,55.48
20171009091,64.415
20171009101,85.675
20171009111,102.65
20171009121,104.05
20171009131,103.36
20171009141,110.75
20171009151,112.255
20171009161,112.945
20171009171,115.88
20171009181,121.885
20171009191,122.74
20171009201,117.22
20171009211,102.92
20171009221,94.005
20171009231,91.55
20171010001,84.655
20171010011,74.22
20171010021,65.025
20171010031,49.73
20171010041,44.09
20171010051,43.855
20171010061,46.605
20171010071,53.025
20171010081,58.045
20171010091,66.01
20171010101,94.115
20171010111,106.1
20171010121,107.025
20171010131,101.94
20171010141,107.21
20171010151,107.755
20171010161,104.95
20171010171,104.71
20171010181,113.5
20171010191,115.14
20171010201,111.175
20171010211,102.78
20171010221,95.33
20171010231,93.55
20171011001,87.32
20171011011,72.6
20171011021,64.89
20171011031,50.165
20171011041,42.8
20171011051,43.59
20171011061,46.355
20171011071,53.305
20171011081,58.65
20171011091,68.82
20171011101,93.925
20171011111,104.075
20171011121,106.395
20171011131,99.835
20171011141,107.23
20171011151,107.16
20171011161,102.765
20171011171,103.39
20171011181,109.49
20171011191,113.63
20171011201,110.765
20171011211,100.36
20171011221,93.94
20171011231,91.135
20171012001,85.9
20171012011,70.1
20171012021,62.67
20171012031,49.445
20171012041,42.76
20171012051,42.775
20171012061,46.31
20171012071,52.055
20171012081,55.84
20171012091,69.22
20171012101,98.52
20171012111,107.775
20171012121,109.1
20171012131,100.21
20171012141,107.32
20171012151,106.955
20171012161,102.895
20171012171,103.955
20171012181,108.88
20171012191,112.015
20171012201,110.14
20171012211,98.975
20171012221,91.67
20171012231,90.4
20171013001,85.21
20171013011,68.665
20171013021,62.46
20171013031,49.34
20171013041,40.055
20171013051,39.345
20171013061,45.535
20171013071,51.22
20171013081,54.98
20171013091,69.28
20171013101,89.745
20171013111,99.07
20171013121,98.915
20171013131,94.785
20171013141,98.745
20171013151,98.7
20171013161,96.595
20171013171,92.29
20171013181,97.45
20171013191,98.59
20171013201,98.5
20171013211,84.625
20171013221,80.4
20171013231,76.16
20171014001,70.305
20171014011,56.265
20171014021,39.945
20171014031,32.235
20171014041,24.075
20171014051,22.5
20171014061,23.49
20171014071,25.595
20171014081,28.285
20171014091,33.675
20171014101,24.55
20171014111,24.675
20171014121,24.335
20171014131,24.895
20171014141,27.99
20171014151,30.315
20171014161,33.14
20171014171,31.03
20171014181,37.67
20171014191,39.875
20171014201,40.47
20171014211,42.19
20171014221,41.485
20171014231,40.475
20171015001,42.94
20171015011,35.16
20171015021,26.715
20171015031,23.77
20171015041,19.6
20171015051,18.86
20171015061,19.54
20171015071,22.86
20171015081,26.155
20171015091,32.085
20171015101,24.325
20171015111,24.32
20171015121,24.1
20171015131,24.565
20171015141,27.495
20171015151,29.51
20171015161,32.45
20171015171,30.77
20171015181,37.285
20171015191,39.355
20171015201,39.885
20171015211,41.69
20171015221,40.94
20171015231,39.955
20171016001,57.505
20171016011,44.115
20171016021,37.945
20171016031,36.96
20171016041,31.705
20171016051,32.755
20171016061,39.175
20171016071,49.735
20171016081,54.58
20171016091,63.585
20171016101,83.78
20171016111,99.85
20171016121,101.885
20171016131,98.765
20171016141,105.69
20171016151,104.37
20171016161,101.28
20171016171,101.275
20171016181,109.155
20171016191,111.055
20171016201,107.87
20171016211,99.12
20171016221,92.96
20171016231,90.89
20171017001,84.74
20171017011,72.27
20171017021,64.29
20171017031,50.53
20171017041,42.425
20171017051,42.355
20171017061,45.04
20171017071,51.625
20171017081,56.78
20171017091,65.31
20171017101,91.905
20171017111,104.8
20171017121,106.565
20171017131,101.325
20171017141,105.375
20171017151,105.06
20171017161,101.675
20171017171,102.895
20171017181,111.96
20171017191,113.26
20171017201,110.415
20171017211,100.03
20171017221,94.265
20171017231,93.205
20171018001,87.045
20171018011,69.715
20171018021,63.985
20171018031,50.765
20171018041,42.32
20171018051,41.405
20171018061,45.4
20171018071,51.985
20171018081,57.24
20171018091,68.09
20171018101,92.575
20171018111,103.1
20171018121,106.115
20171018131,99.935
20171018141,106.68
20171018151,106.045
20171018161,101.59
20171018171,102.645
20171018181,108.11
20171018191,112.91
20171018201,110.37
20171018211,98.6
20171018221,93.12
20171018231,90.825
20171019001,85.42
20171019011,66.345
20171019021,61.935
20171019031,48.86
20171019041,42.025
20171019051,40.685
20171019061,45.12
20171019071,50.14
20171019081,56.525
20171019091,68.095
20171019101,99.44
20171019111,107.575
20171019121,109.665
20171019131,100.77
20171019141,106.805
20171019151,105.995
20171019161,102.425
20171019171,103.525
20171019181,107.88
20171019191,111.55
20171019201,109.985
20171019211,98.295
20171019221,91.685
20171019231,90.685
20171020001,84.61
20171020011,65.65
20171020021,61.915
20171020031,48.93
20171020041,39.075
20171020051,38.3
20171020061,43.11
20171020071,48.42
20171020081,57.455
20171020091,68.295
20171020101,89.49
20171020111,96.52
20171020121,97.39
20171020131,91.2
20171020141,96.47
20171020151,95.635
20171020161,89.935
20171020171,88.165
20171020181,91.58
20171020191,96.98
20171020201,94.115
20171020211,84.135
20171020221,78.02
20171020231,75.375
20171021001,70.13
20171021011,55.4
20171021021,40.54
20171021031,31.015
20171021041,24.285
20171021051,22.06
20171021061,23.615
20171021071,25.99
20171021081,27.96
20171021091,33.965
20171021101,24.48
20171021111,24.695
20171021121,24.315
20171021131,24.865
20171021141,27.99
20171021151,30.295
20171021161,33.21
20171021171,31.06
20171021181,37.485
20171021191,39.71
20171021201,40.345
20171021211,42.255
20171021221,41.525
20171021231,40.48
20171022001,44.325
20171022011,36.345
20171022021,26.615
20171022031,23.755
20171022041,19.93
20171022051,19.29
20171022061,19.71
20171022071,23.015
20171022081,26.335
20171022091,32.675
20171022101,24.525
20171022111,24.545
20171022121,24.325
20171022131,24.9
20171022141,27.815
20171022151,29.8
20171022161,32.72
20171022171,30.995
20171022181,37.39
20171022191,39.73
20171022201,40.23
20171022211,41.96
20171022221,41.16
20171022231,40.25
20171023001,58.32
20171023011,48.68
20171023021,40.97
20171023031,38.57
20171023041,33.535
20171023051,33.555
20171023061,40.045
20171023071,49.275
20171023081,56.2
20171023091,67.4
20171023101,81.355
20171023111,95.365
20171023121,98.61
20171023131,93.365
20171023141,102.315
20171023151,101.645
20171023161,97.08
20171023171,97.6
20171023181,106.575
20171023191,109.42
20171023201,107.9
20171023211,104.26
20171023221,96.195
20171023231,93.805
20171024001,84.55
20171024011,73.535
20171024021,65.14
20171024031,51.185
20171024041,41.99
20171024051,40.32
20171024061,45.505
20171024071,52.025
20171024081,58.695
20171024091,68.095
20171024101,92.31
20171024111,102.19
20171024121,105.26
20171024131,97.17
20171024141,104.64
20171024151,105.0
20171024161,101.3
20171024171,101.335
20171024181,109.685
20171024191,112.055
20171024201,110.25
20171024211,105.02
20171024221,96.245
20171024231,95.435
20171025001,87.46
20171025011,70.955
20171025021,65.3
20171025031,51.995
20171025041,42.22
20171025051,40.055
20171025061,46.035
20171025071,52.43
20171025081,59.0
20171025091,68.735
20171025101,91.84
20171025111,104.98
20171025121,106.965
20171025131,99.265
20171025141,109.645
20171025151,108.86
20171025161,102.215
20171025171,103.375
20171025181,110.29
20171025191,115.165
20171025201,112.58
20171025211,103.25
20171025221,96.75
20171025231,94.76
20171026001,87.08
20171026011,67.855
20171026021,63.71
20171026031,50.7
20171026041,43.185
20171026051,40.015
20171026061,45.82
20171026071,50.99
20171026081,58.195
20171026091,68.61
20171026101,98.925
20171026111,105.27
20171026121,106.98
20171026131,98.27
20171026141,107.525
20171026151,107.23
20171026161,102.035
20171026171,103.86
20171026181,109.96
20171026191,113.41
20171026201,111.82
20171026211,103.535
20171026221,96.915
20171026231,94.7
20171027001,87.115
20171027011,66.535
20171027021,63.7
20171027031,50.815
20171027041,41.065
20171027051,38.995
20171027061,44.035
20171027071,50.49
20171027081,57.995
20171027091,68.23
20171027101,89.515
20171027111,98.465
20171027121,98.525
20171027131,91.925
20171027141,99.155
20171027151,98.245
20171027161,93.105
20171027171,90.635
20171027181,93.42
20171027191,99.25
20171027201,95.96
20171027211,85.235
20171027221,79.48
20171027231,76.875
20171028001,70.635
20171028011,55.72
20171028021,41.325
20171028031,33.99
20171028041,23.71
20171028051,22.085
20171028061,23.555
20171028071,25.365
20171028081,28.285
20171028091,34.935
20171028101,25.72
20171028111,25.84
20171028121,25.505
20171028131,25.595
20171028141,28.26
20171028151,30.175
20171028161,33.085
20171028171,31.33
20171028181,37.885
20171028191,40.005
20171028201,40.685
20171028211,42.405
20171028221,41.555
20171028231,40.565
20171029001,46.575
20171029011,36.375
20171029021,26.115
20171029031,23.795
20171029041,20.35
20171029051,19.29
20171029061,20.185
20171029071,22.75
20171029081,26.395
20171029091,32.645
20171029101,24.865
20171029111,25.07
20171029121,25.09
20171029131,25.44
20171029141,28.2
20171029151,30.095
20171029161,33.01
20171029171,31.235
20171029181,37.59
20171029191,39.195
20171029201,39.815
20171029211,41.555
20171029221,40.98
20171029231,40.24
20171030001,58.31
20171030011,47.81
20171030021,41.21
20171030031,43.84
20171030041,40.18
20171030051,40.485
20171030061,41.715
20171030071,49.035
20171030081,55.565
20171030091,68.75
20171030101,81.945
20171030111,108.675
20171030121,111.205
20171030131,102.175
20171030141,112.38
20171030151,111.085
20171030161,104.67
20171030171,104.54
20171030181,112.43
20171030191,114.655
20171030201,107.855
20171030211,92.875
20171030221,67.21
20171030231,67.07
20171031001,85.27
20171031011,71.99
20171031021,64.03
20171031031,50.585
20171031041,42.55
20171031051,40.4
20171031061,45.595
20171031071,51.955
20171031081,58.49
20171031091,70.06
20171031101,93.18
20171031111,110.985
20171031121,112.96
20171031131,105.075
20171031141,111.48
20171031151,111.47
20171031161,106.74
20171031171,106.08
20171031181,112.825
20171031191,114.235
20171031201,110.025
20171031211,95.475
20171031221,72.395
20171031231,72.815
20170701002,28.885
20170701012,25.455
20170701022,21.71
20170701032,15.405
20170701042,12.4
20170701052,12.37
20170701062,11.785
20170701072,11.095
20170701082,12.59
20170701092,15.77
20170701102,19.31
20170701112,18.45
20170701122,17.385
20170701132,16.755
20170701142,17.075
20170701152,16.91
20170701162,16.495
20170701172,15.335
20170701182,17.795
20170701192,19.255
20170701202,19.125
20170701212,20.19
20170701222,19.94
20170701232,19.995
20170702002,16.48
20170702012,15.495
20170702022,14.47
20170702032,14.65
20170702042,12.03
20170702052,11.745
20170702062,11.245
20170702072,11.165
20170702082,12.195
20170702092,14.39
20170702102,15.815
20170702112,16.01
20170702122,15.705
20170702132,14.645
20170702142,14.57
20170702152,14.35
20170702162,14.7
20170702172,15.9
20170702182,21.325
20170702192,21.125
20170702202,19.08
20170702212,19.825
20170702222,20.26
20170702232,20.06
20170703002,21.445
20170703012,20.555
20170703022,15.89
20170703032,14.15
20170703042,13.525
20170703052,13.255
20170703062,13.545
20170703072,16.68
20170703082,18.255
20170703092,19.385
20170703102,25.545
20170703112,25.935
20170703122,29.675
20170703132,30.23
20170703142,34.735
20170703152,35.615
20170703162,34.64
20170703172,34.58
20170703182,35.095
20170703192,40.14
20170703202,37.92
20170703212,35.105
20170703222,33.785
20170703232,34.675
20170704002,34.71
20170704012,31.815
20170704022,26.69
20170704032,21.08
20170704042,17.8
20170704052,17.08
20170704062,17.31
20170704072,19.695
20170704082,19.965
20170704092,18.895
20170704102,26.22
20170704112,28.28
20170704122,33.05
20170704132,31.69
20170704142,35.97
20170704152,36.17
20170704162,35.54
20170704172,35.29
20170704182,35.71
20170704192,40.585
20170704202,38.25
20170704212,35.84
20170704222,34.275
20170704232,35.065
20170705002,35.34
20170705012,30.49
20170705022,25.81
20170705032,21.935
20170705042,17.81
20170705052,16.89
20170705062,16.895
20170705072,18.98
20170705082,20.34
20170705092,19.04
20170705102,26.275
20170705112,29.065
20170705122,34.08
20170705132,31.665
20170705142,36.74
20170705152,36.945
20170705162,35.665
20170705172,35.375
20170705182,35.86
20170705192,40.925
20170705202,38.785
20170705212,35.83
20170705222,34.295
20170705232,34.515
20170706002,36.195
20170706012,29.48
20170706022,26.21
20170706032,21.835
20170706042,16.535
20170706052,16.925
20170706062,16.59
20170706072,17.9
20170706082,20.385
20170706092,19.26
20170706102,26.42
20170706112,28.375
20170706122,34.905
20170706132,31.785
20170706142,39.745
20170706152,39.135
20170706162,37.65
20170706172,36.88
20170706182,38.195
20170706192,42.39
20170706202,39.79
20170706212,36.205
20170706222,35.38
20170706232,35.17
20170707002,34.435
20170707012,29.43
20170707022,25.61
20170707032,21.02
20170707042,17.16
20170707052,16.56
20170707062,17.46
20170707072,17.495
20170707082,16.245
20170707092,19.18
20170707102,26.12
20170707112,28.08
20170707122,34.36
20170707132,32.355
20170707142,36.17
20170707152,35.26
20170707162,32.355
20170707172,32.625
20170707182,33.715
20170707192,34.24
20170707202,34.08
20170707212,32.04
20170707222,28.81
20170707232,27.81
20170708002,28.905
20170708012,24.84
20170708022,22.37
20170708032,14.705
20170708042,12.265
20170708052,11.975
20170708062,11.145
20170708072,9.835
20170708082,11.585
20170708092,12.27
20170708102,16.535
20170708112,18.64
20170708122,19.08
20170708132,17.345
20170708142,15.175
20170708152,14.975
20170708162,17.83
20170708172,18.3
20170708182,18.66
20170708192,19.855
20170708202,17.985
20170708212,17.12
20170708222,19.29
20170708232,18.12
20170709002,18.28
20170709012,15.81
20170709022,14.65
20170709032,13.61
20170709042,12.005
20170709052,11.635
20170709062,11.025
20170709072,10.405
20170709082,11.88
20170709092,12.585
20170709102,15.15
20170709112,17.405
20170709122,16.795
20170709132,16.335
20170709142,15.78
20170709152,16.56
20170709162,18.605
20170709172,18.97
20170709182,19.265
20170709192,21.345
20170709202,17.905
20170709212,18.78
20170709222,21.02
20170709232,19.97
20170710002,20.29
20170710012,18.925
20170710022,16.35
20170710032,13.275
20170710042,12.96
20170710052,12.925
20170710062,13.55
20170710072,15.935
20170710082,17.66
20170710092,20.455
20170710102,25.65
20170710112,26.125
20170710122,30.395
20170710132,30.125
20170710142,38.96
20170710152,40.63
20170710162,38.695
20170710172,39.775
20170710182,39.675
20170710192,42.97
20170710202,39.45
20170710212,38.65
20170710222,38.18
20170710232,36.17
20170711002,34.305
20170711012,31.885
20170711022,27.25
20170711032,21.19
20170711042,18.5
20170711052,15.71
20170711062,15.9
20170711072,18.405
20170711082,19.275
20170711092,20.165
20170711102,26.38
20170711112,28.525
20170711122,34.76
20170711132,32.24
20170711142,39.925
20170711152,40.32
20170711162,39.575
20170711172,41.645
20170711182,40.505
20170711192,43.49
20170711202,39.735
20170711212,39.0
20170711222,37.67
20170711232,35.58
20170712002,34.48
20170712012,30.76
20170712022,26.44
20170712032,22.48
20170712042,18.225
20170712052,15.78
20170712062,15.715
20170712072,18.505
20170712082,19.545
20170712092,20.04
20170712102,26.64
20170712112,29.185
20170712122,35.74
20170712132,32.165
20170712142,40.485
20170712152,41.02
20170712162,38.855
20170712172,40.29
20170712182,39.895
20170712192,43.635
20170712202,39.95
20170712212,37.385
20170712222,36.05
20170712232,34.47
20170713002,35.11
20170713012,29.255
20170713022,26.52
20170713032,21.825
20170713042,17.31
20170713052,16.605
20170713062,15.87
20170713072,17.65
20170713082,19.745
20170713092,20.365
20170713102,26.705
20170713112,28.445
20170713122,36.515
20170713132,32.785
20170713142,40.1
20170713152,39.53
20170713162,38.1
20170713172,38.395
20170713182,39.215
20170713192,42.775
20170713202,39.66
20170713212,36.165
20170713222,35.045
20170713232,34.0
20170714002,32.665
20170714012,28.96
20170714022,25.71
20170714032,21.19
20170714042,16.925
20170714052,14.86
20170714062,15.41
20170714072,17.705
20170714082,16.945
20170714092,19.845
20170714102,26.435
20170714112,28.45
20170714122,34.84
20170714132,32.415
20170714142,36.78
20170714152,35.675
20170714162,32.665
20170714172,32.92
20170714182,33.85
20170714192,33.935
20170714202,34.65
20170714212,32.06
20170714222,28.945
20170714232,28.32
20170715002,29.055
20170715012,22.76
20170715022,21.575
20170715032,14.415
20170715042,12.005
20170715052,11.62
20170715062,11.04
20170715072,10.635
20170715082,11.54
20170715092,12.44
20170715102,15.395
20170715112,17.855
20170715122,17.69
20170715132,16.605
20170715142,16.155
20170715152,15.695
20170715162,17.145
20170715172,18.05
20170715182,18.96
20170715192,20.155
20170715202,18.75
20170715212,18.165
20170715222,19.46
20170715232,18.255
20170716002,18.095
20170716012,15.835
20170716022,15.48
20170716032,13.535
20170716042,11.655
20170716052,11.64
20170716062,10.935
20170716072,10.35
20170716082,11.9
20170716092,12.565
20170716102,14.375
20170716112,16.645
20170716122,16.2
20170716132,15.455
20170716142,14.81
20170716152,15.615
20170716162,17.28
20170716172,18.01
20170716182,18.745
20170716192,20.02
20170716202,17.925
20170716212,19.015
20170716222,20.87
20170716232,19.7
20170717002,19.57
20170717012,18.65
20170717022,14.745
20170717032,12.35
20170717042,12.425
20170717052,12.435
20170717062,13.585
20170717072,15.885
20170717082,17.33
20170717092,19.2
20170717102,25.83
20170717112,25.675
20170717122,30.955
20170717132,30.585
20170717142,36.2
20170717152,36.545
20170717162,35.635
20170717172,37.56
20170717182,39.95
20170717192,43.445
20170717202,40.48
20170717212,38.535
20170717222,38.105
20170717232,36.42
20170718002,34.14
20170718012,32.335
20170718022,28.09
20170718032,21.25
20170718042,18.635
20170718052,14.825
20170718062,16.52
20170718072,18.025
20170718082,19.22
20170718092,20.41
20170718102,26.66
20170718112,28.09
20170718122,33.33
20170718132,31.775
20170718142,38.09
20170718152,38.175
20170718162,36.97
20170718172,38.89
20170718182,40.64
20170718192,44.68
20170718202,41.11
20170718212,38.815
20170718222,37.7
20170718232,35.815
20170719002,34.185
20170719012,31.355
20170719022,27.23
20170719032,22.2
20170719042,17.915
20170719052,15.19
20170719062,16.775
20170719072,17.8
20170719082,18.68
20170719092,20.035
20170719102,26.55
20170719112,28.495
20170719122,34.385
20170719132,31.67
20170719142,38.195
20170719152,38.37
20170719162,36.14
20170719172,37.29
20170719182,39.67
20170719192,44.61
20170719202,41.18
20170719212,36.965
20170719222,35.98
20170719232,34.125
20170720002,34.87
20170720012,29.465
20170720022,27.195
20170720032,21.665
20170720042,17.75
20170720052,16.29
20170720062,16.39
20170720072,17.6
20170720082,18.845
20170720092,20.35
20170720102,26.67
20170720112,28.035
20170720122,34.195
20170720132,31.525
20170720142,38.28
20170720152,38.475
20170720162,36.39
20170720172,36.855
20170720182,39.135
20170720192,43.97
20170720202,40.17
20170720212,36.275
20170720222,35.58
20170720232,34.15
20170721002,32.5
20170721012,29.065
20170721022,24.88
20170721032,21.66
20170721042,17.06
20170721052,15.94
20170721062,16.97
20170721072,18.26
20170721082,17.045
20170721092,18.855
20170721102,26.365
20170721112,27.935
20170721122,34.285
20170721132,32.32
20170721142,37.33
20170721152,36.025
20170721162,32.715
20170721172,32.46
20170721182,33.3
20170721192,34.52
20170721202,35.07
20170721212,32.15
20170721222,28.36
20170721232,28.055
20170722002,28.205
20170722012,23.955
20170722022,22.155
20170722032,14.525
20170722042,12.26
20170722052,11.24
20170722062,10.72
20170722072,9.845
20170722082,11.73
20170722092,12.975
20170722102,15.165
20170722112,16.01
20170722122,15.285
20170722132,17.16
20170722142,15.86
20170722152,15.575
20170722162,17.235
20170722172,19.325
20170722182,19.31
20170722192,19.635
20170722202,19.965
20170722212,19.975
20170722222,20.335
20170722232,20.325
20170723002,19.985
20170723012,17.14
20170723022,15.175
20170723032,13.655
20170723042,11.42
20170723052,11.255
20170723062,10.715
20170723072,9.36
20170723082,11.85
20170723092,13.125
20170723102,14.6
20170723112,15.465
20170723122,15.34
20170723132,16.595
20170723142,15.225
20170723152,15.685
20170723162,17.06
20170723172,18.045
20170723182,18.3
20170723192,20.13
20170723202,20.085
20170723212,21.065
20170723222,21.9
20170723232,21.2
20170724002,22.03
20170724012,19.84
20170724022,15.71
20170724032,13.795
20170724042,12.905
20170724052,12.72
20170724062,13.815
20170724072,15.795
20170724082,16.73
20170724092,17.73
20170724102,25.745
20170724112,24.735
20170724122,29.42
20170724132,29.415
20170724142,34.425
20170724152,34.985
20170724162,34.25
20170724172,36.13
20170724182,38.905
20170724192,44.12
20170724202,40.985
20170724212,35.255
20170724222,35.84
20170724232,36.315
20170725002,32.74
20170725012,30.8
20170725022,26.57
20170725032,21.94
20170725042,18.555
20170725052,16.29
20170725062,16.57
20170725072,19.495
20170725082,19.55
20170725092,19.465
20170725102,25.615
20170725112,27.57
20170725122,31.48
20170725132,29.76
20170725142,36.465
20170725152,37.0
20170725162,35.38
20170725172,35.88
20170725182,38.955
20170725192,42.565
20170725202,40.57
20170725212,34.825
20170725222,34.82
20170725232,36.13
20170726002,33.035
20170726012,29.955
20170726022,25.64
20170726032,22.315
20170726042,18.015
20170726052,17.305
20170726062,17.155
20170726072,18.77
20170726082,18.965
20170726092,19.985
20170726102,23.595
20170726112,29.07
20170726122,32.435
20170726132,28.66
20170726142,35.46
20170726152,35.51
20170726162,34.49
20170726172,34.785
20170726182,38.295
20170726192,42.31
20170726202,40.6
20170726212,34.93
20170726222,34.97
20170726232,34.585
20170727002,34.21
20170727012,28.01
20170727022,25.89
20170727032,22.315
20170727042,17.38
20170727052,17.27
20170727062,17.065
20170727072,18.985
20170727082,19.365
20170727092,20.75
20170727102,23.615
20170727112,28.73
20170727122,34.035
20170727132,29.03
20170727142,37.71
20170727152,37.905
20170727162,36.925
20170727172,36.93
20170727182,39.7
20170727192,42.045
20170727202,39.96
20170727212,34.17
20170727222,33.785
20170727232,34.7
20170728002,32.55
20170728012,28.48
20170728022,24.42
20170728032,22.03
20170728042,16.035
20170728052,16.305
20170728062,17.165
20170728072,18.885
20170728082,17.46
20170728092,19.44
20170728102,23.965
20170728112,29.06
20170728122,34.015
20170728132,32.45
20170728142,36.535
20170728152,34.37
20170728162,30.24
20170728172,31.8
20170728182,33.115
20170728192,33.745
20170728202,33.975
20170728212,31.395
20170728222,28.36
20170728232,27.45
20170729002,28.285
20170729012,22.965
20170729022,21.41
20170729032,14.435
20170729042,11.81
20170729052,11.46
20170729062,11.035
20170729072,9.735
20170729082,11.505
20170729092,11.97
20170729102,14.255
20170729112,15.175
20170729122,16.235
20170729132,17.21
20170729142,15.96
20170729152,16.48
20170729162,17.595
20170729172,18.44
20170729182,19.185
20170729192,19.83
20170729202,19.675
20170729212,19.67
20170729222,20.195
20170729232,21.09
20170730002,19.805
20170730012,17.845
20170730022,16.03
20170730032,13.65
20170730042,11.41
20170730052,12.005
20170730062,12.17
20170730072,10.52
20170730082,12.215
20170730092,11.83
20170730102,13.925
20170730112,14.745
20170730122,15.965
20170730132,16.8
20170730142,15.71
20170730152,16.31
20170730162,17.045
20170730172,18.065
20170730182,19.94
20170730192,19.975
20170730202,19.47
20170730212,20.595
20170730222,20.52
20170730232,20.565
20170731002,21.1
20170731012,19.41
20170731022,14.62
20170731032,13.295
20170731042,11.06
20170731052,12.735
20170731062,12.805
20170731072,16.315
20170731082,17.35
20170731092,18.98
20170731102,25.005
20170731112,25.535
20170731122,30.255
20170731132,28.175
20170731142,33.05
20170731152,33.58
20170731162,34.21
20170731172,35.595
20170731182,39.175
20170731192,41.185
20170731202,39.84
20170731212,33.37
20170731222,33.495
20170731232,34.51
20170801002,34.37
20170801012,31.745
20170801022,26.555
20170801032,21.41
20170801042,18.225
20170801052,16.455
20170801062,16.91
20170801072,18.455
20170801082,18.865
20170801092,21.665
20170801102,26.11
20170801112,27.925
20170801122,33.095
20170801132,31.705
20170801142,36.085
20170801152,36.33
20170801162,35.645
20170801172,35.63
20170801182,36.105
20170801192,40.76
20170801202,38.44
20170801212,35.24
20170801222,33.48
20170801232,34.42
20170802002,34.77
20170802012,30.58
20170802022,25.56
20170802032,22.14
20170802042,18.29
20170802052,16.565
20170802062,16.875
20170802072,18.605
20170802082,19.86
20170802092,19.375
20170802102,26.325
20170802112,28.355
20170802122,34.09
20170802132,31.59
20170802142,36.81
20170802152,37.035
20170802162,35.77
20170802172,35.68
20170802182,36.23
20170802192,40.97
20170802202,38.875
20170802212,35.105
20170802222,33.55
20170802232,33.905
20170803002,35.345
20170803012,29.575
20170803022,25.44
20170803032,21.87
20170803042,17.72
20170803052,16.82
20170803062,17.405
20170803072,17.845
20170803082,20.4
20170803092,19.315
20170803102,26.36
20170803112,27.55
20170803122,34.235
20170803132,31.41
20170803142,37.035
20170803152,37.015
20170803162,35.91
20170803172,35.545
20170803182,36.335
20170803192,40.82
20170803202,38.83
20170803212,34.715
20170803222,33.38
20170803232,33.83
20170804002,33.43
20170804012,29.605
20170804022,25.555
20170804032,21.0
20170804042,17.125
20170804052,16.715
20170804062,17.62
20170804072,17.51
20170804082,16.285
20170804092,18.68
20170804102,26.075
20170804112,27.595
20170804122,33.68
20170804132,31.68
20170804142,35.805
20170804152,35.05
20170804162,32.235
20170804172,32.505
20170804182,33.46
20170804192,33.86
20170804202,34.095
20170804212,32.005
20170804222,28.14
20170804232,26.985
20170805002,28.89
20170805012,24.755
20170805022,22.085
20170805032,14.995
20170805042,12.235
20170805052,11.73
20170805062,10.57
20170805072,10.02
20170805082,11.7
20170805092,12.18
20170805102,16.585
20170805112,18.54
20170805122,18.06
20170805132,16.62
20170805142,14.83
20170805152,14.725
20170805162,18.26
20170805172,18.445
20170805182,18.435
20170805192,19.605
20170805202,17.98
20170805212,17.155
20170805222,18.505
20170805232,18.22
20170806002,16.8
20170806012,15.56
20170806022,14.605
20170806032,14.005
20170806042,11.915
20170806052,11.16
20170806062,10.115
20170806072,10.125
20170806082,11.815
20170806092,12.325
20170806102,15.11
20170806112,17.7
20170806122,16.305
20170806132,16.155
20170806142,15.65
20170806152,16.445
20170806162,19.53
20170806172,19.4
20170806182,19.16
20170806192,21.045
20170806202,17.92
20170806212,18.685
20170806222,20.455
20170806232,19.655
20170807002,21.065
20170807012,20.075
20170807022,16.34
20170807032,13.885
20170807042,13.74
20170807052,13.43
20170807062,13.705
20170807072,16.56
20170807082,18.175
20170807092,19.845
20170807102,25.76
20170807112,26.175
20170807122,30.5
20170807132,30.46
20170807142,38.975
20170807152,40.45
20170807162,38.695
20170807172,39.37
20170807182,39.68
20170807192,42.605
20170807202,39.65
20170807212,38.465
20170807222,38.0
20170807232,37.08
20170808002,35.805
20170808012,32.15
20170808022,27.345
20170808032,21.545
20170808042,17.505
20170808052,16.57
20170808062,16.585
20170808072,18.585
20170808082,19.825
20170808092,20.12
20170808102,26.63
20170808112,28.385
20170808122,34.62
20170808132,32.16
20170808142,39.95
20170808152,40.075
20170808162,39.275
20170808172,40.355
20170808182,40.44
20170808192,43.51
20170808202,39.935
20170808212,38.44
20170808222,37.44
20170808232,36.405
20170809002,34.83
20170809012,30.98
20170809022,26.82
20170809032,22.555
20170809042,17.375
20170809052,16.36
20170809062,16.49
20170809072,18.49
20170809082,19.935
20170809092,19.86
20170809102,26.205
20170809112,28.905
20170809122,35.52
20170809132,32.065
20170809142,40.295
20170809152,40.35
20170809162,38.38
20170809172,39.025
20170809182,39.63
20170809192,43.455
20170809202,40.18
20170809212,36.93
20170809222,35.67
20170809232,34.65
20170810002,35.25
20170810012,29.365
20170810022,26.685
20170810032,22.035
20170810042,17.025
20170810052,16.535
20170810062,16.335
20170810072,17.825
20170810082,20.03
20170810092,20.175
20170810102,26.355
20170810112,28.125
20170810122,35.31
20170810132,31.53
20170810142,39.83
20170810152,39.25
20170810162,37.44
20170810172,36.92
20170810182,38.195
20170810192,42.83
20170810202,39.67
20170810212,35.555
20170810222,34.525
20170810232,33.925
20170811002,32.755
20170811012,29.055
20170811022,25.865
20170811032,21.225
20170811042,17.29
20170811052,15.49
20170811062,16.315
20170811072,18.025
20170811082,17.085
20170811092,19.52
20170811102,26.01
20170811112,27.985
20170811122,34.29
20170811132,32.31
20170811142,36.15
20170811152,35.235
20170811162,32.325
20170811172,32.635
20170811182,33.715
20170811192,34.235
20170811202,34.14
20170811212,32.03
20170811222,29.2
20170811232,28.435
20170812002,28.92
20170812012,23.99
20170812022,22.135
20170812032,14.81
20170812042,12.315
20170812052,12.295
20170812062,11.38
20170812072,10.405
20170812082,12.01
20170812092,12.44
20170812102,15.22
20170812112,18.205
20170812122,18.025
20170812132,17.15
20170812142,16.475
20170812152,15.955
20170812162,17.705
20170812172,18.425
20170812182,19.46
20170812192,20.525
20170812202,18.545
20170812212,17.775
20170812222,19.235
20170812232,18.22
20170813002,17.905
20170813012,15.97
20170813022,15.22
20170813032,13.68
20170813042,11.87
20170813052,11.84
20170813062,11.095
20170813072,10.465
20170813082,11.92
20170813092,12.41
20170813102,14.125
20170813112,17.205
20170813122,16.345
20170813132,16.2
20170813142,16.055
20170813152,16.71
20170813162,18.185
20170813172,18.865
20170813182,19.88
20170813192,21.59
20170813202,18.44
20170813212,19.52
20170813222,21.4
20170813232,20.315
20170814002,19.88
20170814012,18.43
20170814022,14.72
20170814032,12.595
20170814042,12.645
20170814052,12.365
20170814062,13.44
20170814072,15.8
20170814082,17.46
20170814092,19.31
20170814102,25.945
20170814112,26.255
20170814122,31.89
20170814132,31.325
20170814142,38.29
20170814152,39.255
20170814162,37.57
20170814172,39.435
20170814182,40.215
20170814192,43.47
20170814202,40.085
20170814212,38.475
20170814222,37.9
20170814232,35.735
20170815002,34.255
20170815012,31.79
20170815022,27.275
20170815032,21.375
20170815042,18.51
20170815052,16.09
20170815062,15.96
20170815072,17.965
20170815082,19.25
20170815092,20.805
20170815102,26.855
20170815112,28.215
20170815122,33.39
20170815132,31.685
20170815142,38.43
20170815152,38.475
20170815162,37.24
20170815172,38.55
20170815182,40.335
20170815192,43.79
20170815202,40.34
20170815212,38.475
20170815222,37.145
20170815232,35.14
20170816002,34.165
20170816012,30.73
20170816022,26.845
20170816032,22.415
20170816042,17.94
20170816052,15.44
20170816062,15.42
20170816072,17.76
20170816082,19.08
20170816092,20.415
20170816102,26.63
20170816112,28.955
20170816122,34.565
20170816132,31.625
20170816142,38.71
20170816152,39.04
20170816162,36.295
20170816172,36.685
20170816182,39.225
20170816192,43.6
20170816202,40.39
20170816212,36.67
20170816222,35.545
20170816232,34.115
20170817002,34.85
20170817012,29.185
20170817022,27.02
20170817032,21.475
20170817042,17.49
20170817052,15.49
20170817062,15.405
20170817072,17.09
20170817082,18.84
20170817092,20.77
20170817102,26.5
20170817112,27.93
20170817122,33.975
20170817132,31.04
20170817142,38.56
20170817152,38.87
20170817162,36.53
20170817172,35.995
20170817182,38.525
20170817192,42.35
20170817202,39.71
20170817212,36.005
20170817222,35.205
20170817232,34.405
20170818002,32.375
20170818012,29.15
20170818022,25.63
20170818032,20.855
20170818042,16.93
20170818052,15.475
20170818062,16.445
20170818072,17.985
20170818082,16.725
20170818092,19.695
20170818102,26.24
20170818112,28.13
20170818122,34.955
20170818132,32.43
20170818142,37.12
20170818152,35.985
20170818162,33.2
20170818172,33.06
20170818182,33.885
20170818192,34.1
20170818202,35.03
20170818212,32.295
20170818222,28.51
20170818232,28.125
20170819002,28.565
20170819012,23.59
20170819022,22.295
20170819032,14.595
20170819042,12.355
20170819052,11.38
20170819062,10.64
20170819072,9.685
20170819082,11.445
20170819092,12.875
20170819102,15.745
20170819112,16.965
20170819122,16.425
20170819132,16.705
20170819142,15.745
20170819152,15.355
20170819162,17.625
20170819172,19.145
20170819182,19.895
20170819192,20.21
20170819202,20.67
20170819212,20.825
20170819222,21.395
20170819232,20.56
20170820002,19.125
20170820012,15.83
20170820022,15.2
20170820032,13.68
20170820042,11.55
20170820052,11.315
20170820062,10.585
20170820072,9.24
20170820082,11.545
20170820092,12.985
20170820102,15.55
20170820112,16.655
20170820122,16.805
20170820132,16.465
20170820142,15.42
20170820152,15.705
20170820162,17.44
20170820172,17.79
20170820182,19.465
20170820192,20.37
20170820202,20.275
20170820212,21.765
20170820222,22.315
20170820232,21.86
20170821002,21.335
20170821012,19.92
20170821022,15.355
20170821032,13.465
20170821042,13.49
20170821052,13.08
20170821062,14.27
20170821072,15.62
20170821082,16.49
20170821092,17.87
20170821102,26.245
20170821112,24.895
20170821122,30.915
20170821132,30.8
20170821142,35.31
20170821152,35.495
20170821162,34.915
20170821172,37.3
20170821182,39.385
20170821192,44.49
20170821202,41.165
20170821212,37.095
20170821222,36.82
20170821232,35.58
20170822002,33.55
20170822012,31.53
20170822022,27.03
20170822032,22.025
20170822042,18.415
20170822052,16.195
20170822062,16.85
20170822072,18.61
20170822082,18.75
20170822092,19.515
20170822102,26.4
20170822112,27.5
20170822122,33.135
20170822132,31.66
20170822142,38.685
20170822152,38.425
20170822162,36.56
20170822172,38.26
20170822182,40.165
20170822192,45.15
20170822202,41.215
20170822212,36.355
20170822222,35.925
20170822232,35.365
20170823002,33.4
20170823012,30.345
20170823022,25.59
20170823032,22.545
20170823042,17.565
20170823052,16.5
20170823062,17.13
20170823072,18.485
20170823082,18.76
20170823092,19.71
20170823102,26.055
20170823112,28.415
20170823122,33.695
20170823132,30.54
20170823142,38.145
20170823152,38.415
20170823162,35.91
20170823172,36.96
20170823182,39.525
20170823192,45.03
20170823202,41.27
20170823212,35.625
20170823222,35.395
20170823232,33.86
20170824002,34.355
20170824012,28.12
20170824022,25.88
20170824032,22.455
20170824042,17.355
20170824052,16.815
20170824062,16.335
20170824072,17.475
20170824082,19.4
20170824092,20.405
20170824102,25.77
20170824112,28.46
20170824122,33.875
20170824132,30.41
20170824142,38.33
20170824152,38.71
20170824162,36.3
20170824172,36.48
20170824182,38.785
20170824192,43.695
20170824202,39.855
20170824212,34.94
20170824222,34.91
20170824232,34.085
20170825002,32.145
20170825012,28.31
20170825022,24.435
20170825032,22.0
20170825042,16.95
20170825052,15.97
20170825062,16.475
20170825072,18.115
20170825082,16.915
20170825092,18.79
20170825102,24.995
20170825112,27.725
20170825122,34.0
20170825132,32.535
20170825142,36.97
20170825152,35.625
20170825162,31.12
20170825172,31.995
20170825182,33.015
20170825192,34.22
20170825202,34.48
20170825212,31.655
20170825222,28.325
20170825232,27.835
20170826002,28.24
20170826012,23.165
20170826022,21.765
20170826032,14.43
20170826042,11.685
20170826052,11.15
20170826062,10.76
20170826072,9.47
20170826082,11.41
20170826092,12.58
20170826102,14.445
20170826112,15.225
20170826122,14.74
20170826132,16.695
20170826142,14.7
20170826152,15.305
20170826162,17.0
20170826172,18.425
20170826182,18.49
20170826192,18.9
20170826202,18.91
20170826212,19.325
20170826222,19.605
20170826232,19.485
20170827002,19.775
20170827012,17.115
20170827022,15.19
20170827032,13.645
20170827042,10.985
20170827052,10.835
20170827062,10.845
20170827072,8.965
20170827082,10.795
20170827092,12.18
20170827102,13.865
20170827112,14.705
20170827122,15.595
20170827132,16.91
20170827142,15.085
20170827152,15.98
20170827162,17.145
20170827172,17.84
20170827182,17.91
20170827192,19.97
20170827202,19.695
20170827212,20.64
20170827222,20.715
20170827232,20.415
20170828002,21.07
20170828012,19.35
20170828022,14.615
20170828032,13.375
20170828042,11.53
20170828052,12.545
20170828062,12.86
20170828072,16.09
20170828082,16.49
20170828092,18.77
20170828102,24.58
20170828112,26.055
20170828122,29.82
20170828132,27.755
20170828142,32.575
20170828152,33.22
20170828162,33.94
20170828172,35.215
20170828182,39.48
20170828192,41.855
20170828202,40.0
20170828212,34.25
20170828222,34.57
20170828232,35.655
20170829002,34.14
20170829012,29.33
20170829022,26.535
20170829032,23.075
20170829042,17.405
20170829052,14.52
20170829062,16.29
20170829072,19.615
20170829082,19.175
20170829092,21.12
20170829102,24.225
20170829112,28.51
20170829122,33.235
20170829132,28.81
20170829142,37.25
20170829152,37.68
20170829162,36.88
20170829172,37.015
20170829182,40.285
20170829192,41.89
20170829202,40.34
20170829212,33.91
20170829222,33.91
20170829232,35.44
20170830002,34.34
20170830012,28.44
20170830022,25.35
20170830032,21.725
20170830042,17.145
20170830052,14.395
20170830062,16.06
20170830072,19.745
20170830082,19.44
20170830092,21.445
20170830102,24.51
20170830112,29.645
20170830122,34.505
20170830132,28.515
20170830142,36.78
20170830152,36.85
20170830162,36.46
20170830172,36.71
20170830182,39.515
20170830192,41.785
20170830202,40.34
20170830212,33.9
20170830222,33.99
20170830232,34.725
20170831002,35.355
20170831012,27.235
20170831022,26.115
20170831032,22.08
20170831042,16.375
20170831052,14.44
20170831062,16.67
20170831072,19.22
20170831082,19.82
20170831092,20.385
20170831102,24.525
20170831112,27.95
20170831122,34.685
20170831132,28.84
20170831142,36.58
20170831152,36.565
20170831162,36.585
20170831172,37.21
20170831182,39.2
20170831192,41.05
20170831202,39.76
20170831212,33.23
20170831222,32.97
20170831232,34.555
20170901002,33.145
20170901012,29.52
20170901022,25.38
20170901032,21.095
20170901042,17.425
20170901052,16.115
20170901062,17.26
20170901072,16.705
20170901082,16.165
20170901092,21.1
20170901102,25.93
20170901112,27.195
20170901122,33.65
20170901132,31.635
20170901142,35.75
20170901152,34.965
20170901162,32.23
20170901172,32.505
20170901182,33.49
20170901192,33.93
20170901202,34.205
20170901212,32.12
20170901222,28.1
20170901232,26.9
20170902002,28.885
20170902012,25.485
20170902022,21.735
20170902032,15.455
20170902042,12.075
20170902052,12.14
20170902062,11.66
20170902072,11.295
20170902082,12.645
20170902092,14.76
20170902102,17.775
20170902112,17.32
20170902122,16.655
20170902132,15.725
20170902142,15.75
20170902152,15.445
20170902162,15.68
20170902172,15.525
20170902182,18.695
20170902192,19.58
20170902202,18.99
20170902212,19.635
20170902222,19.695
20170902232,19.925
20170903002,16.775
20170903012,15.755
20170903022,14.775
20170903032,14.65
20170903042,11.905
20170903052,11.665
20170903062,11.145
20170903072,11.225
20170903082,12.385
20170903092,13.67
20170903102,15.74
20170903112,18.19
20170903122,16.575
20170903132,16.2
20170903142,15.64
20170903152,16.195
20170903162,17.95
20170903172,18.085
20170903182,17.91
20170903192,20.325
20170903202,18.015
20170903212,18.47
20170903222,19.325
20170903232,19.01
20170904002,21.415
20170904012,20.49
20170904022,15.84
20170904032,14.055
20170904042,13.535
20170904052,13.265
20170904062,13.55
20170904072,16.825
20170904082,18.385
20170904092,19.225
20170904102,25.465
20170904112,26.375
20170904122,29.625
20170904132,30.195
20170904142,34.625
20170904152,35.54
20170904162,34.55
20170904172,34.29
20170904182,34.775
20170904192,40.11
20170904202,37.89
20170904212,35.71
20170904222,34.42
20170904232,35.23
20170905002,34.94
20170905012,31.8
20170905022,26.755
20170905032,21.095
20170905042,17.855
20170905052,17.045
20170905062,16.965
20170905072,19.585
20170905082,19.915
20170905092,18.885
20170905102,26.26
20170905112,28.515
20170905122,33.065
20170905132,31.71
20170905142,35.965
20170905152,36.2
20170905162,35.505
20170905172,35.275
20170905182,35.71
20170905192,40.6
20170905202,38.25
20170905212,35.84
20170905222,34.275
20170905232,35.065
20170906002,35.77
20170906012,30.51
20170906022,25.87
20170906032,22.045
20170906042,17.145
20170906052,16.86
20170906062,16.685
20170906072,18.98
20170906082,20.32
20170906092,18.96
20170906102,26.4
20170906112,29.11
20170906122,34.96
20170906132,32.235
20170906142,40.18
20170906152,40.125
20170906162,38.54
20170906172,38.595
20170906182,39.585
20170906192,42.995
20170906202,40.26
20170906212,37.22
20170906222,36.36
20170906232,35.835
20170907002,36.695
20170907012,29.525
20170907022,26.14
20170907032,21.895
20170907042,16.715
20170907052,16.885
20170907062,16.455
20170907072,17.805
20170907082,20.47
20170907092,19.555
20170907102,26.45
20170907112,28.315
20170907122,35.52
20170907132,31.93
20170907142,39.98
20170907152,39.325
20170907162,37.76
20170907172,37.16
20170907182,38.35
20170907192,42.385
20170907202,39.88
20170907212,36.355
20170907222,35.51
20170907232,35.21
20170908002,34.335
20170908012,29.56
20170908022,25.965
20170908032,21.24
20170908042,17.04
20170908052,16.825
20170908062,17.755
20170908072,17.855
20170908082,16.71
20170908092,19.595
20170908102,26.19
20170908112,27.995
20170908122,34.315
20170908132,32.305
20170908142,36.17
20170908152,35.26
20170908162,32.355
20170908172,32.625
20170908182,33.715
20170908192,34.24
20170908202,34.08
20170908212,32.04
20170908222,29.125
20170908232,28.255
20170909002,28.565
20170909012,24.7
20170909022,22.22
20170909032,14.825
20170909042,12.235
20170909052,12.055
20170909062,11.29
20170909072,9.83
20170909082,11.495
20170909092,12.545
20170909102,16.65
20170909112,18.66
20170909122,19.27
20170909132,17.4
20170909142,15.25
20170909152,15.2
20170909162,17.915
20170909172,18.34
20170909182,18.83
20170909192,19.935
20170909202,17.995
20170909212,16.99
20170909222,19.23
20170909232,17.965
20170910002,18.32
20170910012,15.81
20170910022,14.665
20170910032,13.635
20170910042,12.05
20170910052,11.75
20170910062,11.005
20170910072,10.35
20170910082,11.87
20170910092,12.525
20170910102,14.915
20170910112,17.385
20170910122,16.815
20170910132,16.46
20170910142,15.705
20170910152,16.485
20170910162,18.255
20170910172,18.755
20170910182,19.59
20170910192,21.52
20170910202,17.83
20170910212,18.775
20170910222,20.99
20170910232,19.965
20170911002,19.91
20170911012,18.51
20170911022,15.915
20170911032,13.09
20170911042,12.89
20170911052,12.88
20170911062,13.565
20170911072,15.715
20170911082,17.42
20170911092,20.31
20170911102,25.66
20170911112,26.155
20170911122,30.435
20170911132,30.195
20170911142,39.22
20170911152,41.095
20170911162,39.015
20170911172,40.525
20170911182,39.855
20170911192,42.985
20170911202,39.42
20170911212,38.775
20170911222,38.38
20170911232,36.155
20170912002,34.385
20170912012,31.8
20170912022,27.15
20170912032,21.375
20170912042,18.635
20170912052,15.825
20170912062,16.025
20170912072,18.41
20170912082,19.235
20170912092,20.295
20170912102,26.685
20170912112,28.71
20170912122,34.755
20170912132,32.245
20170912142,40.2
20170912152,40.695
20170912162,39.92
20170912172,42.28
20170912182,40.875
20170912192,43.63
20170912202,39.765
20170912212,39.105
20170912222,37.77
20170912232,35.635
20170913002,34.455
20170913012,30.79
20170913022,26.44
20170913032,22.515
20170913042,18.08
20170913052,15.93
20170913062,15.81
20170913072,18.56
20170913082,19.625
20170913092,20.035
20170913102,26.71
20170913112,29.34
20170913122,36.92
20170913132,33.265
20170913142,40.3
20170913152,40.16
20170913162,38.91
20170913172,40.845
20170913182,40.58
20170913192,43.955
20170913202,40.23
20170913212,37.265
20170913222,35.68
20170913232,34.04
20170914002,35.09
20170914012,29.225
20170914022,26.59
20170914032,22.085
20170914042,17.305
20170914052,16.42
20170914062,15.38
20170914072,17.405
20170914082,19.625
20170914092,21.165
20170914102,26.705
20170914112,28.405
20170914122,36.065
20170914132,32.255
20170914142,39.775
20170914152,40.2
20170914162,37.125
20170914172,36.645
20170914182,38.52
20170914192,42.61
20170914202,39.75
20170914212,35.86
20170914222,34.85
20170914232,34.05
20170915002,32.54
20170915012,29.0
20170915022,25.565
20170915032,20.84
20170915042,16.895
20170915052,15.1
20170915062,15.42
20170915072,17.545
20170915082,16.66
20170915092,19.905
20170915102,26.435
20170915112,28.02
20170915122,34.875
20170915132,32.29
20170915142,37.085
20170915152,35.97
20170915162,33.02
20170915172,33.195
20170915182,34.005
20170915192,33.925
20170915202,34.945
20170915212,32.325
20170915222,28.84
20170915232,28.335
20170916002,29.045
20170916012,22.755
20170916022,21.575
20170916032,14.35
20170916042,12.375
20170916052,12.065
20170916062,11.41
20170916072,10.85
20170916082,12.075
20170916092,12.635
20170916102,15.7
20170916112,17.8
20170916122,17.7
20170916132,16.5
20170916142,16.035
20170916152,15.46
20170916162,17.305
20170916172,18.43
20170916182,19.065
20170916192,20.015
20170916202,18.755
20170916212,18.255
20170916222,19.575
20170916232,18.285
20170917002,18.765
20170917012,15.735
20170917022,15.5
20170917032,13.475
20170917042,11.82
20170917052,11.915
20170917062,11.085
20170917072,10.26
20170917082,11.965
20170917092,13.04
20170917102,15.16
20170917112,16.855
20170917122,16.595
20170917132,15.855
20170917142,15.275
20170917152,15.26
20170917162,17.54
20170917172,18.03
20170917182,18.73
20170917192,19.805
20170917202,17.79
20170917212,18.955
20170917222,20.835
20170917232,19.615
20170918002,19.635
20170918012,18.755
20170918022,14.745
20170918032,12.345
20170918042,12.615
20170918052,12.59
20170918062,13.735
20170918072,15.76
20170918082,17.035
20170918092,19.005
20170918102,25.78
20170918112,25.555
20170918122,31.14
20170918132,30.7
20170918142,35.835
20170918152,35.92
20170918162,35.605
20170918172,37.75
20170918182,40.025
20170918192,44.025
20170918202,40.98
20170918212,38.79
20170918222,38.32
20170918232,36.565
20170919002,34.11
20170919012,32.58
20170919022,28.165
20170919032,21.245
20170919042,18.63
20170919052,15.06
20170919062,16.8
20170919072,17.89
20170919082,19.185
20170919092,20.25
20170919102,26.81
20170919112,27.995
20170919122,33.36
20170919132,31.82
20170919142,38.085
20170919152,38.16
20170919162,36.995
20170919172,38.96
20170919182,40.645
20170919192,44.75
20170919202,41.155
20170919212,38.815
20170919222,37.7
20170919232,35.785
20170920002,34.145
20170920012,31.315
20170920022,27.215
20170920032,22.14
20170920042,18.15
20170920052,15.38
20170920062,16.795
20170920072,17.71
20170920082,18.59
20170920092,19.795
20170920102,26.995
20170920112,28.585
20170920122,34.39
20170920132,31.78
20170920142,38.14
20170920152,38.21
20170920162,36.085
20170920172,37.305
20170920182,39.72
20170920192,45.085
20170920202,41.315
20170920212,36.99
20170920222,35.94
20170920232,33.97
20170921002,34.63
20170921012,29.085
20170921022,26.225
20170921032,22.15
20170921042,17.395
20170921052,16.475
20170921062,16.495
20170921072,17.57
20170921082,18.805
20170921092,19.445
20170921102,26.54
20170921112,28.07
20170921122,34.14
20170921132,31.48
20170921142,38.285
20170921152,38.64
20170921162,36.105
20170921172,36.66
20170921182,38.93
20170921192,43.96
20170921202,40.22
20170921212,35.625
20170921222,35.145
20170921232,33.395
20170922002,32.455
20170922012,28.295
20170922022,24.63
20170922032,22.02
20170922042,16.965
20170922052,16.265
20170922062,16.84
20170922072,18.21
20170922082,17.05
20170922092,18.815
20170922102,25.78
20170922112,28.18
20170922122,34.45
20170922132,32.475
20170922142,38.045
20170922152,36.21
20170922162,32.755
20170922172,32.39
20170922182,33.19
20170922192,34.58
20170922202,35.03
20170922212,32.195
20170922222,28.44
20170922232,28.115
20170923002,28.17
20170923012,23.965
20170923022,22.2
20170923032,14.485
20170923042,12.11
20170923052,11.23
20170923062,10.69
20170923072,9.805
20170923082,11.735
20170923092,12.96
20170923102,14.95
20170923112,15.7
20170923122,14.935
20170923132,17.11
20170923142,15.67
20170923152,15.475
20170923162,17.185
20170923172,19.24
20170923182,19.255
20170923192,19.51
20170923202,19.8
20170923212,19.865
20170923222,20.455
20170923232,20.28
20170924002,20.105
20170924012,17.215
20170924022,15.455
20170924032,13.71
20170924042,11.21
20170924052,11.035
20170924062,10.64
20170924072,9.05
20170924082,11.17
20170924092,12.74
20170924102,14.555
20170924112,15.425
20170924122,15.28
20170924132,16.685
20170924142,15.235
20170924152,15.69
20170924162,17.09
20170924172,18.065
20170924182,18.14
20170924192,20.015
20170924202,19.89
20170924212,20.935
20170924222,21.4
20170924232,20.86
20170925002,22.04
20170925012,19.68
20170925022,15.42
20170925032,13.72
20170925042,12.515
20170925052,12.615
20170925062,13.415
20170925072,15.965
20170925082,16.82
20170925092,17.59
20170925102,25.26
20170925112,24.21
20170925122,28.265
20170925132,28.64
20170925142,31.28
20170925152,31.8
20170925162,32.25
20170925172,34.295
20170925182,37.77
20170925192,42.02
20170925202,40.5
20170925212,34.895
20170925222,35.605
20170925232,36.375
20170926002,32.72
20170926012,30.86
20170926022,26.6
20170926032,22.0
20170926042,18.565
20170926052,17.225
20170926062,17.135
20170926072,19.19
20170926082,18.92
20170926092,19.45
20170926102,23.63
20170926112,27.39
20170926122,31.12
20170926132,29.265
20170926142,35.445
20170926152,35.96
20170926162,34.665
20170926172,35.54
20170926182,38.955
20170926192,42.46
20170926202,40.735
20170926212,34.835
20170926222,34.82
20170926232,36.14
20170927002,33.105
20170927012,30.02
20170927022,25.695
20170927032,22.325
20170927042,18.05
20170927052,17.335
20170927062,17.16
20170927072,19.435
20170927082,19.115
20170927092,20.44
20170927102,23.64
20170927112,29.935
20170927122,33.585
20170927132,28.815
20170927142,38.12
20170927152,38.495
20170927162,36.815
20170927172,36.795
20170927182,40.59
20170927192,43.175
20170927202,41.07
20170927212,34.565
20170927222,34.27
20170927232,34.535
20170928002,34.38
20170928012,27.895
20170928022,25.715
20170928032,22.625
20170928042,16.96
20170928052,16.975
20170928062,17.0
20170928072,19.36
20170928082,19.62
20170928092,21.835
20170928102,24.02
20170928112,29.75
20170928122,34.64
20170928132,28.36
20170928142,36.335
20170928152,36.395
20170928162,36.3
20170928172,36.405
20170928182,39.425
20170928192,41.63
20170928202,39.705
20170928212,34.245
20170928222,34.105
20170928232,34.64
20170929002,33.03
20170929012,27.245
20170929022,24.505
20170929032,22.76
20170929042,15.705
20170929052,15.015
20170929062,17.24
20170929072,18.97
20170929082,17.475
20170929092,19.43
20170929102,24.12
20170929112,27.25
20170929122,34.05
20170929132,32.61
20170929142,36.5
20170929152,34.295
20170929162,30.32
20170929172,31.9
20170929182,33.335
20170929192,33.875
20170929202,34.055
20170929212,31.43
20170929222,28.4
20170929232,27.49
20170930002,28.265
20170930012,23.25
20170930022,21.405
20170930032,13.91
20170930042,11.29
20170930052,11.345
20170930062,11.355
20170930072,10.13
20170930082,11.83
20170930092,11.765
20170930102,13.555
20170930112,14.48
20170930122,15.14
20170930132,15.965
20170930142,15.14
20170930152,15.57
20170930162,16.545
20170930172,17.57
20170930182,19.87
20170930192,19.07
20170930202,18.97
20170930212,19.145
20170930222,19.57
20170930232,20.27
20171001002,13.645
20171001012,13.13
20171001022,11.715
20171001032,13.865
20171001042,11.665
20171001052,11.225
20171001062,10.755
20171001072,10.555
20171001082,11.685
20171001092,14.75
20171001102,16.385
20171001112,16.32
20171001122,15.51
20171001132,14.78
20171001142,15.035
20171001152,15.055
20171001162,14.78
20171001172,14.955
20171001182,19.69
20171001192,19.815
20171001202,18.505
20171001212,19.61
20171001222,19.74
20171001232,19.37
20171002002,21.67
20171002012,20.945
20171002022,16.38
20171002032,14.155
20171002042,13.575
20171002052,13.295
20171002062,13.58
20171002072,16.435
20171002082,17.775
20171002092,19.435
20171002102,25.545
20171002112,25.935
20171002122,29.555
20171002132,30.125
20171002142,34.635
20171002152,35.51
20171002162,34.54
20171002172,34.475
20171002182,35.03
20171002192,40.105
20171002202,37.885
20171002212,35.025
20171002222,33.695
20171002232,34.615
20171003002,34.575
20171003012,31.815
20171003022,25.93
20171003032,21.155
20171003042,18.54
20171003052,17.07
20171003062,17.595
20171003072,19.445
20171003082,19.74
20171003092,19.115
20171003102,26.3
20171003112,27.855
20171003122,33.1
20171003132,31.71
20171003142,36.07
20171003152,36.31
20171003162,35.615
20171003172,35.605
20171003182,36.035
20171003192,40.62
20171003202,38.3
20171003212,35.21
20171003222,33.61
20171003232,34.5
20171004002,35.13
20171004012,30.57
20171004022,25.755
20171004032,21.92
20171004042,17.765
20171004052,16.97
20171004062,17.355
20171004072,19.155
20171004082,20.48
20171004092,19.05
20171004102,26.245
20171004112,28.83
20171004122,34.065
20171004132,31.645
20171004142,36.715
20171004152,36.925
20171004162,35.71
20171004172,35.4
20171004182,35.86
20171004192,40.91
20171004202,38.785
20171004212,35.715
20171004222,34.19
20171004232,34.435
20171005002,35.725
20171005012,29.465
20171005022,26.24
20171005032,21.785
20171005042,17.14
20171005052,16.98
20171005062,16.825
20171005072,17.9
20171005082,20.43
20171005092,19.365
20171005102,26.315
20171005112,28.2
20171005122,34.19
20171005132,31.425
20171005142,36.995
20171005152,36.955
20171005162,35.815
20171005172,35.185
20171005182,35.99
20171005192,40.815
20171005202,38.78
20171005212,35.33
20171005222,33.99
20171005232,34.33
20171006002,34.09
20171006012,29.415
20171006022,25.67
20171006032,21.03
20171006042,17.01
20171006052,16.56
20171006062,17.44
20171006072,17.505
20171006082,16.13
20171006092,18.91
20171006102,26.115
20171006112,28.125
20171006122,34.34
20171006132,32.355
20171006142,36.17
20171006152,35.26
20171006162,32.355
20171006172,32.625
20171006182,33.715
20171006192,34.24
20171006202,34.08
20171006212,32.04
20171006222,28.81
20171006232,27.81
20171007002,28.93
20171007012,24.87
20171007022,22.175
20171007032,14.205
20171007042,11.68
20171007052,11.28
20171007062,10.43
20171007072,9.51
20171007082,11.185
20171007092,11.885
20171007102,15.485
20171007112,17.5
20171007122,17.485
20171007132,15.99
20171007142,14.3
20171007152,14.22
20171007162,17.695
20171007172,17.96
20171007182,18.05
20171007192,19.155
20171007202,17.735
20171007212,16.87
20171007222,18.58
20171007232,17.795
20171008002,16.05
20171008012,14.455
20171008022,13.215
20171008032,12.99
20171008042,11.395
20171008052,10.88
20171008062,10.35
20171008072,10.07
20171008082,11.525
20171008092,11.83
20171008102,14.235
20171008112,16.58
20171008122,15.715
20171008132,15.465
20171008142,14.945
20171008152,15.64
20171008162,17.775
20171008172,18.02
20171008182,18.355
20171008192,20.365
20171008202,17.445
20171008212,18.235
20171008222,20.39
20171008232,19.42
20171009002,20.77
20171009012,19.575
20171009022,16.36
20171009032,13.855
20171009042,13.715
20171009052,13.47
20171009062,13.855
20171009072,16.475
20171009082,17.995
20171009092,20.625
20171009102,25.575
20171009112,26.1
20171009122,30.405
20171009132,30.185
20171009142,38.87
20171009152,40.395
20171009162,38.555
20171009172,39.355
20171009182,39.615
20171009192,42.845
20171009202,39.44
20171009212,38.39
20171009222,38.02
20171009232,36.745
20171010002,34.62
20171010012,31.99
20171010022,27.37
20171010032,21.405
20171010042,17.77
20171010052,16.04
20171010062,16.115
20171010072,18.43
20171010082,19.535
20171010092,20.165
20171010102,26.34
20171010112,28.47
20171010122,34.535
20171010132,32.1
20171010142,39.99
20171010152,40.17
20171010162,39.435
20171010172,40.84
20171010182,40.44
20171010192,43.485
20171010202,39.8
20171010212,38.815
20171010222,37.45
20171010232,35.62
20171011002,34.36
20171011012,30.815
20171011022,26.565
20171011032,22.23
20171011042,18.095
20171011052,15.695
20171011062,15.73
20171011072,18.46
20171011082,19.56
20171011092,19.855
20171011102,26.37
20171011112,29.055
20171011122,35.75
20171011132,32.17
20171011142,40.225
20171011152,40.62
20171011162,38.54
20171011172,39.77
20171011182,39.595
20171011192,43.565
20171011202,39.965
20171011212,37.01
20171011222,35.73
20171011232,34.285
20171012002,35.115
20171012012,29.195
20171012022,26.525
20171012032,21.865
20171012042,17.625
20171012052,16.305
20171012062,15.95
20171012072,17.63
20171012082,19.67
20171012092,20.425
20171012102,26.62
20171012112,28.22
20171012122,35.37
20171012132,31.645
20171012142,40.255
20171012152,40.18
20171012162,38.135
20171012172,38.235
20171012182,38.63
20171012192,42.6
20171012202,39.565
20171012212,36.26
20171012222,35.31
20171012232,34.335
20171013002,32.625
20171013012,29.0
20171013022,25.71
20171013032,21.045
20171013042,16.91
20171013052,15.08
20171013062,15.7
20171013072,17.885
20171013082,17.035
20171013092,19.555
20171013102,26.435
20171013112,28.435
20171013122,34.775
20171013132,32.39
20171013142,36.785
20171013152,35.74
20171013162,32.75
20171013172,33.03
20171013182,34.255
20171013192,34.165
20171013202,34.655
20171013212,32.125
20171013222,29.035
20171013232,28.37
20171014002,29.1
20171014012,23.255
20171014022,21.73
20171014032,14.16
20171014042,11.34
20171014052,11.05
20171014062,10.405
20171014072,10.185
20171014082,11.035
20171014092,11.94
20171014102,14.93
20171014112,17.575
20171014122,17.34
20171014132,16.145
20171014142,16.075
20171014152,15.735
20171014162,17.35
20171014172,17.875
20171014182,18.71
20171014192,19.61
20171014202,18.235
20171014212,17.58
20171014222,18.78
20171014232,17.8
20171015002,16.13
20171015012,14.51
20171015022,13.9
20171015032,12.98
20171015042,10.695
20171015052,10.465
20171015062,9.99
20171015072,9.905
20171015082,10.74
20171015092,11.845
20171015102,13.135
20171015112,15.795
20171015122,15.135
20171015132,14.705
20171015142,14.14
20171015152,15.145
20171015162,16.46
20171015172,16.995
20171015182,18.175
20171015192,20.065
20171015202,17.89
20171015212,18.845
20171015222,20.575
20171015232,19.355
20171016002,19.575
20171016012,18.625
20171016022,14.735
20171016032,12.345
20171016042,12.695
20171016052,12.31
20171016062,13.505
20171016072,15.87
20171016082,17.41
20171016092,19.23
20171016102,25.89
20171016112,25.92
20171016122,31.14
20171016132,30.635
20171016142,36.515
20171016152,36.865
20171016162,36.03
20171016172,37.685
20171016182,39.87
20171016192,43.31
20171016202,40.265
20171016212,38.405
20171016222,37.9
20171016232,36.035
20171017002,34.09
20171017012,32.07
20171017022,27.825
20171017032,21.385
20171017042,18.76
20171017052,14.745
20171017062,15.75
20171017072,17.99
20171017082,19.0
20171017092,20.36
20171017102,26.715
20171017112,28.165
20171017122,33.295
20171017132,31.735
20171017142,38.35
20171017152,38.715
20171017162,36.935
20171017172,38.675
20171017182,40.495
20171017192,43.995
20171017202,40.615
20171017212,38.58
20171017222,37.45
20171017232,35.615
20171018002,34.23
20171018012,31.135
20171018022,27.215
20171018032,22.105
20171018042,18.045
20171018052,14.815
20171018062,16.4
20171018072,17.85
20171018082,18.695
20171018092,20.19
20171018102,26.47
20171018112,28.495
20171018122,34.355
20171018132,31.625
20171018142,38.265
20171018152,38.435
20171018162,36.205
20171018172,37.15
20171018182,39.63
20171018192,44.555
20171018202,41.13
20171018212,36.99
20171018222,35.995
20171018232,34.39
20171019002,34.905
20171019012,29.545
20171019022,27.21
20171019032,21.52
20171019042,17.335
20171019052,16.175
20171019062,16.49
20171019072,17.525
20171019082,18.86
20171019092,20.65
20171019102,26.36
20171019112,27.99
20171019122,34.15
20171019132,31.385
20171019142,38.285
20171019152,38.52
20171019162,36.365
20171019172,36.76
20171019182,39.035
20171019192,43.365
20171019202,40.05
20171019212,36.205
20171019222,35.565
20171019232,34.23
20171020002,32.535
20171020012,29.35
20171020022,25.64
20171020032,21.285
20171020042,17.15
20171020052,15.975
20171020062,16.89
20171020072,18.205
20171020082,16.86
20171020092,19.46
20171020102,26.47
20171020112,28.005
20171020122,34.345
20171020132,32.365
20171020142,37.33
20171020152,36.025
20171020162,32.715
20171020172,32.46
20171020182,33.3
20171020192,34.52
20171020202,35.07
20171020212,32.15
20171020222,28.36
20171020232,28.055
20171021002,28.245
20171021012,23.965
20171021022,22.145
20171021032,14.11
20171021042,11.675
20171021052,10.635
20171021062,10.24
20171021072,9.485
20171021082,11.335
20171021092,12.5
20171021102,14.725
20171021112,16.025
20171021122,15.57
20171021132,16.07
20171021142,15.165
20171021152,14.95
20171021162,16.76
20171021172,18.285
20171021182,19.525
20171021192,19.83
20171021202,20.97
20171021212,21.415
20171021222,21.505
20171021232,21.135
20171022002,17.45
20171022012,15.145
20171022022,13.345
20171022032,13.075
20171022042,10.905
20171022052,10.61
20171022062,10.215
20171022072,9.06
20171022082,11.6
20171022092,12.715
20171022102,14.005
20171022112,15.06
20171022122,14.785
20171022132,15.68
20171022142,14.585
20171022152,14.945
20171022162,16.175
20171022172,17.125
20171022182,17.675
20171022192,19.45
20171022202,19.515
20171022212,20.55
20171022222,20.83
20171022232,20.56
20171023002,21.935
20171023012,20.04
20171023022,15.16
20171023032,13.68
20171023042,12.865
20171023052,12.755
20171023062,14.07
20171023072,15.615
20171023082,16.35
20171023092,17.86
20171023102,25.74
20171023112,24.46
20171023122,29.515
20171023132,29.67
20171023142,34.24
20171023152,34.585
20171023162,34.275
20171023172,36.73
20171023182,39.1
20171023192,44.37
20171023202,41.045
20171023212,36.26
20171023222,36.525
20171023232,36.16
20171024002,33.095
20171024012,31.005
20171024022,26.475
20171024032,21.91
20171024042,18.36
20171024052,16.615
20171024062,17.04
20171024072,18.76
20171024082,18.91
20171024092,19.66
20171024102,26.435
20171024112,27.7
20171024122,32.395
20171024132,30.665
20171024142,38.705
20171024152,39.24
20171024162,36.685
20171024172,37.46
20171024182,39.985
20171024192,44.705
20171024202,41.14
20171024212,35.215
20171024222,35.155
20171024232,35.81
20171025002,32.995
20171025012,29.95
20171025022,25.655
20171025032,22.365
20171025042,17.94
20171025052,16.245
20171025062,16.485
20171025072,18.81
20171025082,19.675
20171025092,19.87
20171025102,25.225
20171025112,29.225
20171025122,32.825
20171025132,29.2
20171025142,36.55
20171025152,36.65
20171025162,35.15
20171025172,35.045
20171025182,38.315
20171025192,42.475
20171025202,40.435
20171025212,35.03
20171025222,35.085
20171025232,34.46
20171026002,34.055
20171026012,28.1
20171026022,25.9
20171026032,22.34
20171026042,17.35
20171026052,17.195
20171026062,16.905
20171026072,18.42
20171026082,19.41
20171026092,20.35
20171026102,23.55
20171026112,28.005
20171026122,32.86
20171026132,28.88
20171026142,35.55
20171026152,35.52
20171026162,34.95
20171026172,35.165
20171026182,37.81
20171026192,41.23
20171026202,39.475
20171026212,34.45
20171026222,34.445
20171026232,34.7
20171027002,32.44
20171027012,28.49
20171027022,24.41
20171027032,21.83
20171027042,16.39
20171027052,16.485
20171027062,17.205
20171027072,18.55
20171027082,17.03
20171027092,19.045
20171027102,23.585
20171027112,28.27
20171027122,33.91
20171027132,32.565
20171027142,36.55
20171027152,34.385
20171027162,30.255
20171027172,31.77
20171027182,33.085
20171027192,33.72
20171027202,33.955
20171027212,31.42
20171027222,28.37
20171027232,27.46
20171028002,28.265
20171028012,22.985
20171028022,21.26
20171028032,13.895
20171028042,11.125
20171028052,10.58
20171028062,10.43
20171028072,9.255
20171028082,11.005
20171028092,11.63
20171028102,13.43
20171028112,14.55
20171028122,15.665
20171028132,16.765
20171028142,15.655
20171028152,15.865
20171028162,16.845
20171028172,17.615
20171028182,18.535
20171028192,18.895
20171028202,18.89
20171028212,18.945
20171028222,19.43
20171028232,19.67
20171029002,17.72
20171029012,15.62
20171029022,13.885
20171029032,13.065
20171029042,10.5
20171029052,10.355
20171029062,10.435
20171029072,8.965
20171029082,10.52
20171029092,11.14
20171029102,13.19
20171029112,14.235
20171029122,15.62
20171029132,16.43
20171029142,15.305
20171029152,15.97
20171029162,16.67
20171029172,17.175
20171029182,18.07
20171029192,19.965
20171029202,19.7
20171029212,20.28
20171029222,20.455
20171029232,20.35
20171030002,21.1
20171030012,19.41
20171030022,14.62
20171030032,13.295
20171030042,11.06
20171030052,12.735
20171030062,12.805
20171030072,16.32
20171030082,17.26
20171030092,19.395
20171030102,25.005
20171030112,25.545
20171030122,30.33
20171030132,28.24
20171030142,33.0
20171030152,33.53
20171030162,34.22
20171030172,35.54
20171030182,39.23
20171030192,41.3
20171030202,39.85
20171030212,33.385
20171030222,33.575
20171030232,34.57
20171031002,33.98
20171031012,29.575
20171031022,26.245
20171031032,20.895
20171031042,17.525
20171031052,14.705
20171031062,15.87
20171031072,19.52
20171031082,19.41
20171031092,20.235
20171031102,24.525
20171031112,29.015
20171031122,33.255
20171031132,28.905
20171031142,37.62
20171031152,37.99
20171031162,36.95
20171031172,37.105
20171031182,40.075
20171031192,41.8
20171031202,40.44
20171031212,33.795
20171031222,33.905
20171031232,35.255
20170701003,16.45
20170701013,11.22
20170701023,9.615
20170701033,8.1
20170701043,7.295
20170701053,7.01
20170701063,7.325
20170701073,8.68
20170701083,12.475
20170701093,16.515
20170701103,21.81
20170701113,22.565
20170701123,21.975
20170701133,20.94
20170701143,23.305
20170701153,22.405
20170701163,21.02
20170701173,24.085
20170701183,29.855
20170701193,22.69
20170701203,20.065
20170701213,20.54
20170701223,20.17
20170701233,19.585
20170702003,14.95
20170702013,10.93
20170702023,7.64
20170702033,7.095
20170702043,5.405
20170702053,4.715
20170702063,5.21
20170702073,7.55
20170702083,11.315
20170702093,13.99
20170702103,22.72
20170702113,23.62
20170702123,22.845
20170702133,21.815
20170702143,22.35
20170702153,21.265
20170702163,21.945
20170702173,32.08
20170702183,40.365
20170702193,20.91
20170702203,16.65
20170702213,15.01
20170702223,15.22
20170702233,15.74
20170703003,28.145
20170703013,12.405
20170703023,8.08
20170703033,7.42
20170703043,6.875
20170703053,6.425
20170703063,7.215
20170703073,9.695
20170703083,13.125
20170703093,14.295
20170703103,23.175
20170703113,24.62
20170703123,26.42
20170703133,25.275
20170703143,29.62
20170703153,26.52
20170703163,23.555
20170703173,25.5
20170703183,31.6
20170703193,27.115
20170703203,23.39
20170703213,24.35
20170703223,23.45
20170703233,23.295
20170704003,16.63
20170704013,12.585
20170704023,10.085
20170704033,8.765
20170704043,8.29
20170704053,7.625
20170704063,7.495
20170704073,9.935
20170704083,13.055
20170704093,16.245
20170704103,23.425
20170704113,25.4
20170704123,26.73
20170704133,25.92
20170704143,31.42
20170704153,27.77
20170704163,25.175
20170704173,28.325
20170704183,45.5
20170704193,34.16
20170704203,26.265
20170704213,24.815
20170704223,24.26
20170704233,23.51
20170705003,16.865
20170705013,13.87
20170705023,10.62
20170705033,9.5
20170705043,8.385
20170705053,8.11
20170705063,8.64
20170705073,10.62
20170705083,15.425
20170705093,19.795
20170705103,23.73
20170705113,25.62
20170705123,26.56
20170705133,25.575
20170705143,33.235
20170705153,28.2
20170705163,25.595
20170705173,27.97
20170705183,41.76
20170705193,32.105
20170705203,25.085
20170705213,24.745
20170705223,24.185
20170705233,23.395
20170706003,16.45
20170706013,13.69
20170706023,10.57
20170706033,9.015
20170706043,8.23
20170706053,8.01
20170706063,8.665
20170706073,10.12
20170706083,12.735
20170706093,17.41
20170706103,25.79
20170706113,27.575
20170706123,28.455
20170706133,30.075
20170706143,56.85
20170706153,46.305
20170706163,35.2
20170706173,34.71
20170706183,45.12
20170706193,32.99
20170706203,26.59
20170706213,26.115
20170706223,24.94
20170706233,23.35
20170707003,16.375
20170707013,13.7
20170707023,10.29
20170707033,8.66
20170707043,8.05
20170707053,7.85
20170707063,8.505
20170707073,10.515
20170707083,13.995
20170707093,16.285
20170707103,25.105
20170707113,27.07
20170707123,28.115
20170707133,29.61
20170707143,54.77
20170707153,46.85
20170707163,35.96
20170707173,34.31
20170707183,43.925
20170707193,32.915
20170707203,26.035
20170707213,25.19
20170707223,24.125
20170707233,22.79
20170708003,14.805
20170708013,10.64
20170708023,9.895
20170708033,8.385
20170708043,7.355
20170708053,6.965
20170708063,7.105
20170708073,8.77
20170708083,11.37
20170708093,15.66
20170708103,16.55
20170708113,17.67
20170708123,22.82
20170708133,16.135
20170708143,16.85
20170708153,16.375
20170708163,15.32
20170708173,16.86
20170708183,16.69
20170708193,18.735
20170708203,18.29
20170708213,19.73
20170708223,19.61
20170708233,18.63
20170709003,14.755
20170709013,9.895
20170709023,7.945
20170709033,7.39
20170709043,5.615
20170709053,5.07
20170709063,5.285
20170709073,7.545
20170709083,10.69
20170709093,12.91
20170709103,13.495
20170709113,12.47
20170709123,17.09
20170709133,14.36
20170709143,13.27
20170709153,12.705
20170709163,12.925
20170709173,12.94
20170709183,14.085
20170709193,13.26
20170709203,14.94
20170709213,13.815
20170709223,14.175
20170709233,14.225
20170710003,12.21
20170710013,10.605
20170710023,7.585
20170710033,7.585
20170710043,7.055
20170710053,6.51
20170710063,7.335
20170710073,8.83
20170710083,12.13
20170710093,15.33
20170710103,22.825
20170710113,25.025
20170710123,26.91
20170710133,26.655
20170710143,29.67
20170710153,29.215
20170710163,24.545
20170710173,26.175
20170710183,31.275
20170710193,26.675
20170710203,22.505
20170710213,24.115
20170710223,22.675
20170710233,22.815
20170711003,15.83
20170711013,11.945
20170711023,10.405
20170711033,8.965
20170711043,8.44
20170711053,7.715
20170711063,7.645
20170711073,9.93
20170711083,12.025
20170711093,17.405
20170711103,23.58
20170711113,25.31
20170711123,26.725
20170711133,26.38
20170711143,30.585
20170711153,28.345
20170711163,26.15
20170711173,29.22
20170711183,48.45
20170711193,37.415
20170711203,29.07
20170711213,25.92
20170711223,23.875
20170711233,23.29
20170712003,16.97
20170712013,13.735
20170712023,11.08
20170712033,9.85
20170712043,8.575
20170712053,8.25
20170712063,8.84
20170712073,11.22
20170712083,14.125
20170712093,20.96
20170712103,24.605
20170712113,26.85
20170712123,27.91
20170712133,27.285
20170712143,33.755
20170712153,29.905
20170712163,27.115
20170712173,28.355
20170712183,42.785
20170712193,33.805
20170712203,26.71
20170712213,25.07
20170712223,23.79
20170712233,23.045
20170713003,17.015
20170713013,13.75
20170713023,11.48
20170713033,10.455
20170713043,9.365
20170713053,9.36
20170713063,9.935
20170713073,11.88
20170713083,12.325
20170713093,17.445
20170713103,26.245
20170713113,28.28
20170713123,29.21
20170713133,30.74
20170713143,57.025
20170713153,48.355
20170713163,36.68
20170713173,35.47
20170713183,49.965
20170713193,39.61
20170713203,32.56
20170713213,28.845
20170713223,27.675
20170713233,24.885
20170714003,17.77
20170714013,14.25
20170714023,11.09
20170714033,10.515
20170714043,9.08
20170714053,9.43
20170714063,10.71
20170714073,12.75
20170714083,14.245
20170714093,16.87
20170714103,26.24
20170714113,28.81
20170714123,29.855
20170714133,31.11
20170714143,56.915
20170714153,48.975
20170714163,37.58
20170714173,34.23
20170714183,35.46
20170714193,29.445
20170714203,26.48
20170714213,26.62
20170714223,25.155
20170714233,22.9
20170715003,16.635
20170715013,10.83
20170715023,10.31
20170715033,8.1
20170715043,7.21
20170715053,7.365
20170715063,7.115
20170715073,7.805
20170715083,12.605
20170715093,15.395
20170715103,14.245
20170715113,14.69
20170715123,19.25
20170715133,14.345
20170715143,15.9
20170715153,15.6
20170715163,14.75
20170715173,15.69
20170715183,16.895
20170715193,18.825
20170715203,17.99
20170715213,19.885
20170715223,19.535
20170715233,18.36
20170716003,16.15
20170716013,10.15
20170716023,8.785
20170716033,7.53
20170716043,5.83
20170716053,5.69
20170716063,5.675
20170716073,7.305
20170716083,11.95
20170716093,12.855
20170716103,13.295
20170716113,13.36
20170716123,16.785
20170716133,15.2
20170716143,14.22
20170716153,13.825
20170716163,13.795
20170716173,13.95
20170716183,15.295
20170716193,13.3
20170716203,15.465
20170716213,13.76
20170716223,14.475
20170716233,15.22
20170717003,13.145
20170717013,11.255
20170717023,7.38
20170717033,6.655
20170717043,6.62
20170717053,7.18
20170717063,8.92
20170717073,8.865
20170717083,12.01
20170717093,13.83
20170717103,23.295
20170717113,25.62
20170717123,26.31
20170717133,25.335
20170717143,29.815
20170717153,27.375
20170717163,24.85
20170717173,26.795
20170717183,35.015
20170717193,30.33
20170717203,27.015
20170717213,27.035
20170717223,26.06
20170717233,25.485
20170718003,16.99
20170718013,11.975
20170718023,10.505
20170718033,7.29
20170718043,7.15
20170718053,7.6
20170718063,8.535
20170718073,8.83
20170718083,12.275
20170718093,15.335
20170718103,24.325
20170718113,26.625
20170718123,27.25
20170718133,26.315
20170718143,31.335
20170718153,28.265
20170718163,26.82
20170718173,29.205
20170718183,40.85
20170718193,33.005
20170718203,29.03
20170718213,27.2
20170718223,26.15
20170718233,25.115
20170719003,17.94
20170719013,13.515
20170719023,10.965
20170719033,8.09
20170719043,7.355
20170719053,7.655
20170719063,8.635
20170719073,9.035
20170719083,12.27
20170719093,17.155
20170719103,26.135
20170719113,27.365
20170719123,28.02
20170719133,27.725
20170719143,38.985
20170719153,31.67
20170719163,28.165
20170719173,30.975
20170719183,34.05
20170719193,30.615
20170719203,28.645
20170719213,31.375
20170719223,30.07
20170719233,29.815
20170720003,30.66
20170720013,13.855
20170720023,11.745
20170720033,7.56
20170720043,7.22
20170720053,7.88
20170720063,8.575
20170720073,8.92
20170720083,12.19
20170720093,19.34
20170720103,31.01
20170720113,31.345
20170720123,32.34
20170720133,38.04
20170720143,84.815
20170720153,67.69
20170720163,46.805
20170720173,44.25
20170720183,41.6
20170720193,32.055
20170720203,28.31
20170720213,29.55
20170720223,28.075
20170720233,26.265
20170721003,31.315
20170721013,14.015
20170721023,11.095
20170721033,7.415
20170721043,7.525
20170721053,7.87
20170721063,7.925
20170721073,10.875
20170721083,11.79
20170721093,16.51
20170721103,29.63
20170721113,30.36
20170721123,31.32
20170721133,36.73
20170721143,85.765
20170721153,69.73
20170721163,47.665
20170721173,44.52
20170721183,41.405
20170721193,32.795
20170721203,27.81
20170721213,27.98
20170721223,27.325
20170721233,25.95
20170722003,43.86
20170722013,11.005
20170722023,10.775
20170722033,7.855
20170722043,7.235
20170722053,6.98
20170722063,7.125
20170722073,10.225
20170722083,11.865
20170722093,15.825
20170722103,16.85
20170722113,16.945
20170722123,23.02
20170722133,18.005
20170722143,18.92
20170722153,18.84
20170722163,16.9
20170722173,20.74
20170722183,21.435
20170722193,20.84
20170722203,20.93
20170722213,21.94
20170722223,22.32
20170722233,22.09
20170723003,53.175
20170723013,10.335
20170723023,9.42
20170723033,7.96
20170723043,6.78
20170723053,6.665
20170723063,6.3
20170723073,9.68
20170723083,11.55
20170723093,14.02
20170723103,16.935
20170723113,16.205
20170723123,20.53
20170723133,18.1
20170723143,16.415
20170723153,16.005
20170723163,15.87
20170723173,16.64
20170723183,17.505
20170723193,13.77
20170723203,16.01
20170723213,14.57
20170723223,15.615
20170723233,16.51
20170724003,29.65
20170724013,11.435
20170724023,7.64
20170724033,7.305
20170724043,7.415
20170724053,6.4
20170724063,7.325
20170724073,9.12
20170724083,10.88
20170724093,15.835
20170724103,20.82
20170724113,21.16
20170724123,21.205
20170724133,21.69
20170724143,28.2
20170724153,26.24
20170724163,23.575
20170724173,25.15
20170724183,27.105
20170724193,26.595
20170724203,22.61
20170724213,23.745
20170724223,24.365
20170724233,24.375
20170725003,22.6
20170725013,12.48
20170725023,10.44
20170725033,7.925
20170725043,7.73
20170725053,6.54
20170725063,6.82
20170725073,8.83
20170725083,11.535
20170725093,16.56
20170725103,24.59
20170725113,31.32
20170725123,29.67
20170725133,31.53
20170725143,35.025
20170725153,31.85
20170725163,31.05
20170725173,33.155
20170725183,32.46
20170725193,29.335
20170725203,24.085
20170725213,25.415
20170725223,25.82
20170725233,25.535
20170726003,18.725
20170726013,12.985
20170726023,10.48
20170726033,8.6
20170726043,8.18
20170726053,7.355
20170726063,7.605
20170726073,8.495
20170726083,11.205
20170726093,17.94
20170726103,23.39
20170726113,28.21
20170726123,26.375
20170726133,27.83
20170726143,33.85
20170726153,31.07
20170726163,28.865
20170726173,28.7
20170726183,28.74
20170726193,28.78
20170726203,23.37
20170726213,24.01
20170726223,24.26
20170726233,24.355
20170727003,17.705
20170727013,13.645
20170727023,11.545
20170727033,8.16
20170727043,8.105
20170727053,7.93
20170727063,7.805
20170727073,8.47
20170727083,11.45
20170727093,17.095
20170727103,25.365
20170727113,29.775
20170727123,28.61
20170727133,28.3
20170727143,34.73
20170727153,32.785
20170727163,29.465
20170727173,29.69
20170727183,31.33
20170727193,27.475
20170727203,24.885
20170727213,24.395
20170727223,24.76
20170727233,26.225
20170728003,16.14
20170728013,13.74
20170728023,10.21
20170728033,7.98
20170728043,7.945
20170728053,8.53
20170728063,8.06
20170728073,10.845
20170728083,11.65
20170728093,15.54
20170728103,25.26
20170728113,28.96
20170728123,28.55
20170728133,28.7
20170728143,32.475
20170728153,31.675
20170728163,29.105
20170728173,29.165
20170728183,31.54
20170728193,27.845
20170728203,24.575
20170728213,22.835
20170728223,23.11
20170728233,25.645
20170729003,15.37
20170729013,11.19
20170729023,10.62
20170729033,8.435
20170729043,7.48
20170729053,7.78
20170729063,7.37
20170729073,9.28
20170729083,11.4
20170729093,14.535
20170729103,14.225
20170729113,16.045
20170729123,19.09
20170729133,15.995
20170729143,16.345
20170729153,15.86
20170729163,15.04
20170729173,17.275
20170729183,20.765
20170729193,20.435
20170729203,20.825
20170729213,21.815
20170729223,22.02
20170729233,21.75
20170730003,15.865
20170730013,10.515
20170730023,9.02
20170730033,7.885
20170730043,7.34
20170730053,7.625
20170730063,7.175
20170730073,9.135
20170730083,11.79
20170730093,14.265
20170730103,16.14
20170730113,16.295
20170730123,19.05
20170730133,17.25
20170730143,15.08
20170730153,14.19
20170730163,14.705
20170730173,15.115
20170730183,19.825
20170730193,13.905
20170730203,15.605
20170730213,14.045
20170730223,15.03
20170730233,15.94
20170731003,18.86
20170731013,12.02
20170731023,8.31
20170731033,7.545
20170731043,7.13
20170731053,6.985
20170731063,7.525
20170731073,9.49
20170731083,11.13
20170731093,16.66
20170731103,22.745
20170731113,25.565
20170731123,26.105
20170731133,26.725
20170731143,29.55
20170731153,28.345
20170731163,26.88
20170731173,28.415
20170731183,29.025
20170731193,27.935
20170731203,25.75
20170731213,25.115
20170731223,25.35
20170731233,27.45
20170801003,21.11
20170801013,13.2
20170801023,9.83
20170801033,8.655
20170801043,8.235
20170801053,7.595
20170801063,7.74
20170801073,10.67
20170801083,12.75
20170801093,16.485
20170801103,23.9
20170801113,26.145
20170801123,27.09
20170801133,26.12
20170801143,30.98
20170801153,28.02
20170801163,26.695
20170801173,29.68
20170801183,45.95
20170801193,34.27
20170801203,26.435
20170801213,24.725
20170801223,24.13
20170801233,23.455
20170802003,16.955
20170802013,13.95
20170802023,10.095
20170802033,9.395
20170802043,8.37
20170802053,8.06
20170802063,8.685
20170802073,11.11
20170802083,14.89
20170802093,20.12
20170802103,24.01
20170802113,26.335
20170802123,26.895
20170802133,25.845
20170802143,33.09
20170802153,28.64
20170802163,26.175
20170802173,27.975
20170802183,40.79
20170802193,31.57
20170802203,24.735
20170802213,24.495
20170802223,24.02
20170802233,23.165
20170803003,16.725
20170803013,13.85
20170803023,10.55
20170803033,8.88
20170803043,8.25
20170803053,8.07
20170803063,8.685
20170803073,10.475
20170803083,12.605
20170803093,17.0
20170803103,26.13
20170803113,27.525
20170803123,28.295
20170803133,29.55
20170803143,56.19
20170803153,46.235
20170803163,35.475
20170803173,34.135
20170803183,44.175
20170803193,32.845
20170803203,26.565
20170803213,26.0
20170803223,24.84
20170803233,23.43
20170804003,15.85
20170804013,13.78
20170804023,10.15
20170804033,8.46
20170804043,8.03
20170804053,7.81
20170804063,8.395
20170804073,10.47
20170804083,12.74
20170804093,15.31
20170804103,25.46
20170804113,26.96
20170804123,27.92
20170804133,29.505
20170804143,55.345
20170804153,46.795
20170804163,35.56
20170804173,33.33
20170804183,44.5
20170804193,33.03
20170804203,26.425
20170804213,25.345
20170804223,24.355
20170804233,23.0
20170805003,14.395
20170805013,10.8
20170805023,9.9
20170805033,8.17
20170805043,7.195
20170805053,6.865
20170805063,6.955
20170805073,8.735
20170805083,12.79
20170805093,15.785
20170805103,16.805
20170805113,18.345
20170805123,21.69
20170805133,16.46
20170805143,16.385
20170805153,15.59
20170805163,14.7
20170805173,16.275
20170805183,16.615
20170805193,17.675
20170805203,18.18
20170805213,19.38
20170805223,19.195
20170805233,18.465
20170806003,14.325
20170806013,10.06
20170806023,7.775
20170806033,7.115
20170806043,5.355
20170806053,4.71
20170806063,5.06
20170806073,7.645
20170806083,11.2
20170806093,13.39
20170806103,12.655
20170806113,11.82
20170806123,16.005
20170806133,14.02
20170806143,12.89
20170806153,12.185
20170806163,12.48
20170806173,12.405
20170806183,13.94
20170806193,12.29
20170806203,14.595
20170806213,13.4
20170806223,13.605
20170806233,13.99
20170807003,13.68
20170807013,10.745
20170807023,7.71
20170807033,7.6
20170807043,6.97
20170807053,6.49
20170807063,7.28
20170807073,8.665
20170807083,14.53
20170807093,16.235
20170807103,22.735
20170807113,24.755
20170807123,26.58
20170807133,25.91
20170807143,29.51
20170807153,27.025
20170807163,23.66
20170807173,26.0
20170807183,31.455
20170807193,26.645
20170807203,22.315
20170807213,23.78
20170807223,22.675
20170807233,22.845
20170808003,15.185
20170808013,12.005
20170808023,10.305
20170808033,8.97
20170808043,8.39
20170808053,7.69
20170808063,7.63
20170808073,9.7
20170808083,12.09
20170808093,17.13
20170808103,23.36
20170808113,25.185
20170808123,26.45
20170808133,25.615
20170808143,30.105
20170808153,27.905
20170808163,26.01
20170808173,29.15
20170808183,46.65
20170808193,35.105
20170808203,26.645
20170808213,24.235
20170808223,23.435
20170808233,23.035
20170809003,16.545
20170809013,13.505
20170809023,10.84
20170809033,9.805
20170809043,8.525
20170809053,8.18
20170809063,8.845
20170809073,10.765
20170809083,14.205
20170809093,20.0
20170809103,24.33
20170809113,26.435
20170809123,27.3
20170809133,26.49
20170809143,33.19
20170809153,32.085
20170809163,28.545
20170809173,29.135
20170809183,42.82
20170809193,33.71
20170809203,26.48
20170809213,25.145
20170809223,24.115
20170809233,23.01
20170810003,16.455
20170810013,13.375
20170810023,10.74
20170810033,9.25
20170810043,8.355
20170810053,8.16
20170810063,8.86
20170810073,10.405
20170810083,11.625
20170810093,17.03
20170810103,25.885
20170810113,27.755
20170810123,28.8
20170810133,30.29
20170810143,56.56
20170810153,49.995
20170810163,37.675
20170810173,35.225
20170810183,45.635
20170810193,34.845
20170810203,28.225
20170810213,26.595
20170810223,24.935
20170810233,23.265
20170811003,16.25
20170811013,13.45
20170811023,10.3
20170811033,8.895
20170811043,8.175
20170811053,7.96
20170811063,8.565
20170811073,10.865
20170811083,12.08
20170811093,15.265
20170811103,25.25
20170811113,27.415
20170811123,28.68
20170811133,30.17
20170811143,55.645
20170811153,50.225
20170811163,38.895
20170811173,35.74
20170811183,45.615
20170811193,34.855
20170811203,28.06
20170811213,26.105
20170811223,24.605
20170811233,22.89
20170812003,15.23
20170812013,10.545
20170812023,10.035
20170812033,8.57
20170812043,7.475
20170812053,7.08
20170812063,7.18
20170812073,8.615
20170812083,11.775
20170812093,15.73
20170812103,13.945
20170812113,14.125
20170812123,18.9
20170812133,14.12
20170812143,14.61
20170812153,14.055
20170812163,13.285
20170812173,14.215
20170812183,15.97
20170812193,17.805
20170812203,18.045
20170812213,19.575
20170812223,19.425
20170812233,18.405
20170813003,14.89
20170813013,9.875
20170813023,8.79
20170813033,8.215
20170813043,6.17
20170813053,5.805
20170813063,5.965
20170813073,7.725
20170813083,11.185
20170813093,13.105
20170813103,11.165
20170813113,10.67
20170813123,14.905
20170813133,14.02
20170813143,12.525
20170813153,11.75
20170813163,11.975
20170813173,11.81
20170813183,13.665
20170813193,12.405
20170813203,14.91
20170813213,13.65
20170813223,14.08
20170813233,14.145
20170814003,12.92
20170814013,10.855
20170814023,8.225
20170814033,9.185
20170814043,8.365
20170814053,8.135
20170814063,9.32
20170814073,10.885
20170814083,13.695
20170814093,16.6
20170814103,24.54
20170814113,26.85
20170814123,27.73
20170814133,27.2
20170814143,31.13
20170814153,28.495
20170814163,25.375
20170814173,26.88
20170814183,39.115
20170814193,32.94
20170814203,28.575
20170814213,28.055
20170814223,26.865
20170814233,25.835
20170815003,18.25
20170815013,12.06
20170815023,10.84
20170815033,8.305
20170815043,8.095
20170815053,8.36
20170815063,8.945
20170815073,9.935
20170815083,12.75
20170815093,17.095
20170815103,24.985
20170815113,27.185
20170815123,27.84
20170815133,26.215
20170815143,31.1
20170815153,28.375
20170815163,26.19
20170815173,28.415
20170815183,41.725
20170815193,33.645
20170815203,29.19
20170815213,27.75
20170815223,26.375
20170815233,24.56
20170816003,18.585
20170816013,13.825
20170816023,11.245
20170816033,8.82
20170816043,8.07
20170816053,8.6
20170816063,9.245
20170816073,10.36
20170816083,13.825
20170816093,19.06
20170816103,24.295
20170816113,26.815
20170816123,27.595
20170816133,25.865
20170816143,33.03
20170816153,28.615
20170816163,26.11
20170816173,26.305
20170816183,28.275
20170816193,26.215
20170816203,23.955
20170816213,25.27
20170816223,24.24
20170816233,22.865
20170817003,17.39
20170817013,13.785
20170817023,11.275
20170817033,7.415
20170817043,7.055
20170817053,8.195
20170817063,8.58
20170817073,9.09
20170817083,12.25
20170817093,15.79
20170817103,25.495
20170817113,27.255
20170817123,28.355
20170817133,29.61
20170817143,60.32
20170817153,50.57
20170817163,37.285
20170817173,34.58
20170817183,33.07
20170817193,28.01
20170817203,26.69
20170817213,27.44
20170817223,25.75
20170817233,23.48
20170818003,15.89
20170818013,13.675
20170818023,10.605
20170818033,7.14
20170818043,7.12
20170818053,8.01
20170818063,8.155
20170818073,10.25
20170818083,12.245
20170818093,14.09
20170818103,24.945
20170818113,26.765
20170818123,27.97
20170818133,29.755
20170818143,59.84
20170818153,51.545
20170818163,38.865
20170818173,35.5
20170818183,34.295
20170818193,28.65
20170818203,26.5
20170818213,26.635
20170818223,25.38
20170818233,23.76
20170819003,15.285
20170819013,10.77
20170819023,10.05
20170819033,7.65
20170819043,6.75
20170819053,6.58
20170819063,6.535
20170819073,7.98
20170819083,11.885
20170819093,14.94
20170819103,16.98
20170819113,16.73
20170819123,24.505
20170819133,17.11
20170819143,18.45
20170819153,17.82
20170819163,16.015
20170819173,18.755
20170819183,18.32
20170819193,18.95
20170819203,18.725
20170819213,20.26
20170819223,20.165
20170819233,19.36
20170820003,18.475
20170820013,10.065
20170820023,8.725
20170820033,7.645
20170820043,5.84
20170820053,5.565
20170820063,5.55
20170820073,8.32
20170820083,11.515
20170820093,14.02
20170820103,16.45
20170820113,15.03
20170820123,20.87
20170820133,16.855
20170820143,15.4
20170820153,14.645
20170820163,14.83
20170820173,15.34
20170820183,15.775
20170820193,13.315
20170820203,15.815
20170820213,13.645
20170820223,14.5
20170820233,15.85
20170821003,16.585
20170821013,11.17
20170821023,7.515
20170821033,7.035
20170821043,6.965
20170821053,6.635
20170821063,8.03
20170821073,8.265
20170821083,10.95
20170821093,14.465
20170821103,23.58
20170821113,24.23
20170821123,24.85
20170821133,24.575
20170821143,35.0
20170821153,29.425
20170821163,25.85
20170821173,28.22
20170821183,29.8
20170821193,26.295
20170821203,22.545
20170821213,24.695
20170821223,24.64
20170821233,24.625
20170822003,15.325
20170822013,12.04
20170822023,10.64
20170822033,7.695
20170822043,7.45
20170822053,6.865
20170822063,7.565
20170822073,8.69
20170822083,11.6
20170822093,16.575
20170822103,28.51
20170822113,32.285
20170822123,32.015
20170822133,32.035
20170822143,56.7
20170822153,46.55
20170822163,39.21
20170822173,37.91
20170822183,36.525
20170822193,32.265
20170822203,25.395
20170822213,27.105
20170822223,26.4
20170822233,25.165
20170823003,16.705
20170823013,13.33
20170823023,10.985
20170823033,8.47
20170823043,8.305
20170823053,7.76
20170823063,7.795
20170823073,9.12
20170823083,11.26
20170823093,17.91
20170823103,24.675
20170823113,28.425
20170823123,27.23
20170823133,27.81
20170823143,36.6
20170823153,32.3
20170823163,29.525
20170823173,29.255
20170823183,28.925
20170823193,28.56
20170823203,22.99
20170823213,23.86
20170823223,23.575
20170823233,23.625
20170824003,18.0
20170824013,13.77
20170824023,11.645
20170824033,7.89
20170824043,7.92
20170824053,7.96
20170824063,8.03
20170824073,8.955
20170824083,11.66
20170824093,17.59
20170824103,26.03
20170824113,28.83
20170824123,28.495
20170824133,27.24
20170824143,35.21
20170824153,32.79
20170824163,29.255
20170824173,29.19
20170824183,30.395
20170824193,27.625
20170824203,24.03
20170824213,23.355
20170824223,23.465
20170824233,24.85
20170825003,20.065
20170825013,13.92
20170825023,10.85
20170825033,7.805
20170825043,8.215
20170825053,8.215
20170825063,7.555
20170825073,11.135
20170825083,11.8
20170825093,15.795
20170825103,25.275
20170825113,28.9
20170825123,28.69
20170825133,28.2
20170825143,32.85
20170825153,30.835
20170825163,28.02
20170825173,28.445
20170825183,29.985
20170825193,27.36
20170825203,23.01
20170825213,21.18
20170825223,21.755
20170825233,23.885
20170826003,17.285
20170826013,10.98
20170826023,10.305
20170826033,8.485
20170826043,7.71
20170826053,7.255
20170826063,7.095
20170826073,10.31
20170826083,11.485
20170826093,14.695
20170826103,16.185
20170826113,16.82
20170826123,21.13
20170826133,17.265
20170826143,17.37
20170826153,17.375
20170826163,16.085
20170826173,18.675
20170826183,20.345
20170826193,20.315
20170826203,20.67
20170826213,21.61
20170826223,21.96
20170826233,21.76
20170827003,19.19
20170827013,10.32
20170827023,8.89
20170827033,8.205
20170827043,7.755
20170827053,7.745
20170827063,7.18
20170827073,9.595
20170827083,11.155
20170827093,12.735
20170827103,15.005
20170827113,15.665
20170827123,18.58
20170827133,16.32
20170827143,14.15
20170827153,13.245
20170827163,13.78
20170827173,14.25
20170827183,15.81
20170827193,12.89
20170827203,15.405
20170827213,13.805
20170827223,14.82
20170827233,15.785
20170828003,17.255
20170828013,11.91
20170828023,7.78
20170828033,7.58
20170828043,7.755
20170828053,7.14
20170828063,7.675
20170828073,8.575
20170828083,10.805
20170828093,15.335
20170828103,22.41
20170828113,25.61
20170828123,24.86
20170828133,26.14
20170828143,30.11
20170828153,28.755
20170828163,26.84
20170828173,28.245
20170828183,29.365
20170828193,27.705
20170828203,24.345
20170828213,24.105
20170828223,25.32
20170828233,25.515
20170829003,16.44
20170829013,12.94
20170829023,10.585
20170829033,8.295
20170829043,8.11
20170829053,7.63
20170829063,7.45
20170829073,9.02
20170829083,11.5
20170829093,17.04
20170829103,26.17
20170829113,34.775
20170829123,32.665
20170829133,34.485
20170829143,36.24
20170829153,34.42
20170829163,34.04
20170829173,35.675
20170829183,34.39
20170829193,29.695
20170829203,25.46
20170829213,25.265
20170829223,25.98
20170829233,26.005
20170830003,16.33
20170830013,13.285
20170830023,10.735
20170830033,8.295
20170830043,7.31
20170830053,8.01
20170830063,7.985
20170830073,9.535
20170830083,11.655
20170830093,18.49
20170830103,24.87
20170830113,29.395
20170830123,29.145
20170830133,29.29
20170830143,33.565
20170830153,31.12
20170830163,30.355
20170830173,30.72
20170830183,31.25
20170830193,30.3
20170830203,27.165
20170830213,25.755
20170830223,25.395
20170830233,28.38
20170831003,16.995
20170831013,13.845
20170831023,11.725
20170831033,7.88
20170831043,7.07
20170831053,8.18
20170831063,7.985
20170831073,9.66
20170831083,11.91
20170831093,18.25
20170831103,25.79
20170831113,28.305
20170831123,28.55
20170831133,28.61
20170831143,32.69
20170831153,30.945
20170831163,30.265
20170831173,33.99
20170831183,37.1
20170831193,32.8
20170831203,30.33
20170831213,28.34
20170831223,27.32
20170831233,32.335
20170901003,17.555
20170901013,13.68
20170901023,9.645
20170901033,8.37
20170901043,7.975
20170901053,7.735
20170901063,8.43
20170901073,10.775
20170901083,12.625
20170901093,16.105
20170901103,25.945
20170901113,28.055
20170901123,28.635
20170901133,30.0
20170901143,55.285
20170901153,47.03
20170901163,37.615
20170901173,35.26
20170901183,45.125
20170901193,33.465
20170901203,26.71
20170901213,25.415
20170901223,24.47
20170901233,23.025
20170902003,15.07
20170902013,11.265
20170902023,9.54
20170902033,8.095
20170902043,7.27
20170902053,7.02
20170902063,7.245
20170902073,8.67
20170902083,12.69
20170902093,16.58
20170902103,22.945
20170902113,24.06
20170902123,23.34
20170902133,21.805
20170902143,23.475
20170902153,22.425
20170902163,21.95
20170902173,28.69
20170902183,37.225
20170902193,25.105
20170902203,20.08
20170902213,20.64
20170902223,20.47
20170902233,19.9
20170903003,14.79
20170903013,10.8
20170903023,7.76
20170903033,7.075
20170903043,5.39
20170903053,4.725
20170903063,5.19
20170903073,7.51
20170903083,11.4
20170903093,13.83
20170903103,13.44
20170903113,12.865
20170903123,16.57
20170903133,14.38
20170903143,13.025
20170903153,12.175
20170903163,12.175
20170903173,12.575
20170903183,13.95
20170903193,12.02
20170903203,14.715
20170903213,13.435
20170903223,13.43
20170903233,13.935
20170904003,22.55
20170904013,11.62
20170904023,7.83
20170904033,7.43
20170904043,6.86
20170904053,6.415
20170904063,7.185
20170904073,9.08
20170904083,13.065
20170904093,13.745
20170904103,22.715
20170904113,24.395
20170904123,26.385
20170904133,25.165
20170904143,29.735
20170904153,26.28
20170904163,23.23
20170904173,25.335
20170904183,31.605
20170904193,27.17
20170904203,23.415
20170904213,24.485
20170904223,23.53
20170904233,23.38
20170905003,16.35
20170905013,12.575
20170905023,10.0
20170905033,8.745
20170905043,8.27
20170905053,7.605
20170905063,7.44
20170905073,9.475
20170905083,13.45
20170905093,16.14
20170905103,23.34
20170905113,25.395
20170905123,26.77
20170905133,25.96
20170905143,31.535
20170905153,27.62
20170905163,25.03
20170905173,28.495
20170905183,46.0
20170905193,34.295
20170905203,26.28
20170905213,24.965
20170905223,24.4
20170905233,23.65
20170906003,16.875
20170906013,13.73
20170906023,10.65
20170906033,9.62
20170906043,8.44
20170906053,8.085
20170906063,8.64
20170906073,10.63
20170906083,15.425
20170906093,20.575
20170906103,23.805
20170906113,26.075
20170906123,26.985
20170906133,26.21
20170906143,33.745
20170906153,28.655
20170906163,25.91
20170906173,28.565
20170906183,41.37
20170906193,31.74
20170906203,24.635
20170906213,24.455
20170906223,24.15
20170906233,23.08
20170907003,16.52
20170907013,13.66
20170907023,10.74
20170907033,9.12
20170907043,8.26
20170907053,8.09
20170907063,8.78
20170907073,10.075
20170907083,13.835
20170907093,18.795
20170907103,25.72
20170907113,27.28
20170907123,28.21
20170907133,29.53
20170907143,55.515
20170907153,45.525
20170907163,34.425
20170907173,33.855
20170907183,43.88
20170907193,32.935
20170907203,26.225
20170907213,25.495
20170907223,24.26
20170907233,23.205
20170908003,15.665
20170908013,13.49
20170908023,10.15
20170908033,8.71
20170908043,8.045
20170908053,7.825
20170908063,8.515
20170908073,10.545
20170908083,11.635
20170908093,15.02
20170908103,25.03
20170908113,26.875
20170908123,28.03
20170908133,29.07
20170908143,54.365
20170908153,46.74
20170908163,36.01
20170908173,34.305
20170908183,43.89
20170908193,32.51
20170908203,25.805
20170908213,25.155
20170908223,24.025
20170908233,22.7
20170909003,15.185
20170909013,10.605
20170909023,9.9
20170909033,8.49
20170909043,7.47
20170909053,6.995
20170909063,7.155
20170909073,8.805
20170909083,11.625
20170909093,14.975
20170909103,16.065
20170909113,16.735
20170909123,22.75
20170909133,15.705
20170909143,16.33
20170909153,16.2
20170909163,15.21
20170909173,16.655
20170909183,16.635
20170909193,18.71
20170909203,18.29
20170909213,19.73
20170909223,19.61
20170909233,18.63
20170910003,14.675
20170910013,9.765
20170910023,8.1
20170910033,7.43
20170910043,5.665
20170910053,5.18
20170910063,5.315
20170910073,7.46
20170910083,10.7
20170910093,13.215
20170910103,13.325
20170910113,12.425
20170910123,17.345
20170910133,14.445
20170910143,13.29
20170910153,12.675
20170910163,13.02
20170910173,12.975
20170910183,14.19
20170910193,13.475
20170910203,15.18
20170910213,13.925
20170910223,14.345
20170910233,14.44
20170911003,12.52
20170911013,10.645
20170911023,7.625
20170911033,7.59
20170911043,7.07
20170911053,6.53
20170911063,7.31
20170911073,8.93
20170911083,11.835
20170911093,15.425
20170911103,22.98
20170911113,25.12
20170911123,27.16
20170911133,26.955
20170911143,29.925
20170911153,27.84
20170911163,23.915
20170911173,25.785
20170911183,30.94
20170911193,26.62
20170911203,22.485
20170911213,24.05
20170911223,22.545
20170911233,22.805
20170912003,15.695
20170912013,12.01
20170912023,10.47
20170912033,9.01
20170912043,8.47
20170912053,7.745
20170912063,7.645
20170912073,10.045
20170912083,12.105
20170912093,17.62
20170912103,23.625
20170912113,25.31
20170912123,26.725
20170912133,26.38
20170912143,30.585
20170912153,28.345
20170912163,26.15
20170912173,29.22
20170912183,48.87
20170912193,37.63
20170912203,29.285
20170912213,25.885
20170912223,23.895
20170912233,23.28
20170913003,17.45
20170913013,13.77
20170913023,11.61
20170913033,11.12
20170913043,9.735
20170913053,9.445
20170913063,10.16
20170913073,12.535
20170913083,14.41
20170913093,20.87
20170913103,24.8
20170913113,26.88
20170913123,27.425
20170913133,26.905
20170913143,33.765
20170913153,30.495
20170913163,27.755
20170913173,29.535
20170913183,48.2
20170913193,39.97
20170913203,31.775
20170913213,27.89
20170913223,26.805
20170913233,24.84
20170914003,18.895
20170914013,14.255
20170914023,11.83
20170914033,10.965
20170914043,9.28
20170914053,9.735
20170914063,11.095
20170914073,12.785
20170914083,13.875
20170914093,18.545
20170914103,27.615
20170914113,29.995
20170914123,30.895
20170914133,31.89
20170914143,59.07
20170914153,48.88
20170914163,36.455
20170914173,33.82
20170914183,35.195
20170914193,29.54
20170914203,27.52
20170914213,28.125
20170914223,26.6
20170914233,23.745
20170915003,17.945
20170915013,13.95
20170915023,10.72
20170915033,7.79
20170915043,7.6
20170915053,8.745
20170915063,8.855
20170915073,10.73
20170915083,12.865
20170915093,15.23
20170915103,25.185
20170915113,27.155
20170915123,28.325
20170915133,28.88
20170915143,55.285
20170915153,46.95
20170915163,35.21
20170915173,32.86
20170915183,31.54
20170915193,27.17
20170915203,25.82
20170915213,26.6
20170915223,24.825
20170915233,22.535
20170916003,15.64
20170916013,10.835
20170916023,10.225
20170916033,7.98
20170916043,7.215
20170916053,7.37
20170916063,7.02
20170916073,7.725
20170916083,12.63
20170916093,14.64
20170916103,14.79
20170916113,15.215
20170916123,19.96
20170916133,14.425
20170916143,16.445
20170916153,16.25
20170916163,15.035
20170916173,16.55
20170916183,17.265
20170916193,18.9
20170916203,17.99
20170916213,19.885
20170916223,19.535
20170916233,18.36
20170917003,15.125
20170917013,10.105
20170917023,8.8
20170917033,7.5
20170917043,5.61
20170917053,5.335
20170917063,5.265
20170917073,7.155
20170917083,11.645
20170917093,12.43
20170917103,16.61
20170917113,15.55
20170917123,20.57
20170917133,16.3
20170917143,15.515
20170917153,15.44
20170917163,15.285
20170917173,16.07
20170917183,15.6
20170917193,13.165
20170917203,15.485
20170917213,13.75
20170917223,14.46
20170917233,15.235
20170918003,13.62
20170918013,11.31
20170918023,7.335
20170918033,6.51
20170918043,6.325
20170918053,7.025
20170918063,9.085
20170918073,8.645
20170918083,11.615
20170918093,13.585
20170918103,23.5
20170918113,25.75
20170918123,26.35
20170918133,25.64
20170918143,30.32
20170918153,27.625
20170918163,24.9
20170918173,27.485
20170918183,35.395
20170918193,30.435
20170918203,27.34
20170918213,27.57
20170918223,26.77
20170918233,26.31
20170919003,16.79
20170919013,12.08
20170919023,10.42
20170919033,7.215
20170919043,7.14
20170919053,7.61
20170919063,8.77
20170919073,8.945
20170919083,12.175
20170919093,14.66
20170919103,26.35
20170919113,28.015
20170919123,28.545
20170919133,28.055
20170919143,34.58
20170919153,29.42
20170919163,27.05
20170919173,31.155
20170919183,34.16
20170919193,28.6
20170919203,26.215
20170919213,29.125
20170919223,28.44
20170919233,28.165
20170920003,20.43
20170920013,13.49
20170920023,11.115
20170920033,8.525
20170920043,7.83
20170920053,7.51
20170920063,8.02
20170920073,8.69
20170920083,12.25
20170920093,18.985
20170920103,25.9
20170920113,26.715
20170920123,27.26
20170920133,27.02
20170920143,39.315
20170920153,31.475
20170920163,28.475
20170920173,29.685
20170920183,30.775
20170920193,26.945
20170920203,21.63
20170920213,23.34
20170920223,22.485
20170920233,22.415
20170921003,20.79
20170921013,13.92
20170921023,11.905
20170921033,7.78
20170921043,7.165
20170921053,7.445
20170921063,8.25
20170921073,8.505
20170921083,11.635
20170921093,18.69
20170921103,30.285
20170921113,30.6
20170921123,31.615
20170921133,37.48
20170921143,91.045
20170921153,72.745
20170921163,49.72
20170921173,46.1
20170921183,43.08
20170921193,33.545
20170921203,29.35
20170921213,30.71
20170921223,29.465
20170921233,27.26
20170922003,24.96
20170922013,13.705
20170922023,11.085
20170922033,7.175
20170922043,7.545
20170922053,8.145
20170922063,8.205
20170922073,11.26
20170922083,11.905
20170922093,16.615
20170922103,34.13
20170922113,35.665
20170922123,36.13
20170922133,41.575
20170922143,107.455
20170922153,86.75
20170922163,58.825
20170922173,52.85
20170922183,48.505
20170922193,39.045
20170922203,31.445
20170922213,31.075
20170922223,30.395
20170922233,28.035
20170923003,41.285
20170923013,11.095
20170923023,10.515
20170923033,7.84
20170923043,7.63
20170923053,7.325
20170923063,7.06
20170923073,10.805
20170923083,11.865
20170923093,15.8
20170923103,16.68
20170923113,16.885
20170923123,21.985
20170923133,17.95
20170923143,18.975
20170923153,19.085
20170923163,17.16
20170923173,20.685
20170923183,21.685
20170923193,21.19
20170923203,21.31
20170923213,22.39
20170923223,22.775
20170923233,22.505
20170924003,31.625
20170924013,10.37
20170924023,9.23
20170924033,8.32
20170924043,7.37
20170924053,7.19
20170924063,6.95
20170924073,9.85
20170924083,11.515
20170924093,14.255
20170924103,16.92
20170924113,16.22
20170924123,20.48
20170924133,18.12
20170924143,16.49
20170924153,16.035
20170924163,15.765
20170924173,16.64
20170924183,17.515
20170924193,13.765
20170924203,16.01
20170924213,14.57
20170924223,15.61
20170924233,16.505
20170925003,30.395
20170925013,11.64
20170925023,7.8
20170925033,7.35
20170925043,7.455
20170925053,6.345
20170925063,7.235
20170925073,8.705
20170925083,10.765
20170925093,15.895
20170925103,20.415
20170925113,20.86
20170925123,20.925
20170925133,21.55
20170925143,27.735
20170925153,25.34
20170925163,22.74
20170925173,24.355
20170925183,26.945
20170925193,26.45
20170925203,22.84
20170925213,23.8
20170925223,24.68
20170925233,24.755
20170926003,21.245
20170926013,12.375
20170926023,10.425
20170926033,7.9
20170926043,7.635
20170926053,6.44
20170926063,6.81
20170926073,8.715
20170926083,11.265
20170926093,16.53
20170926103,24.165
20170926113,31.56
20170926123,29.74
20170926133,31.73
20170926143,34.345
20170926153,32.06
20170926163,31.275
20170926173,33.43
20170926183,32.395
20170926193,29.115
20170926203,23.34
20170926213,24.705
20170926223,25.425
20170926233,25.445
20170927003,20.75
20170927013,13.08
20170927023,10.815
20170927033,8.63
20170927043,8.22
20170927053,7.45
20170927063,7.505
20170927073,8.575
20170927083,11.06
20170927093,18.14
20170927103,25.135
20170927113,32.465
20170927123,29.495
20170927133,31.665
20170927143,36.435
20170927153,33.95
20170927163,32.43
20170927173,32.17
20170927183,30.725
20170927193,30.07
20170927203,25.495
20170927213,25.255
20170927223,25.81
20170927233,25.835
20170928003,21.19
20170928013,13.615
20170928023,10.735
20170928033,8.55
20170928043,8.645
20170928053,8.78
20170928063,8.445
20170928073,8.43
20170928083,11.495
20170928093,17.665
20170928103,25.425
20170928113,28.62
20170928123,27.7
20170928133,27.12
20170928143,33.73
20170928153,31.78
20170928163,28.37
20170928173,28.015
20170928183,30.6
20170928193,27.085
20170928203,24.81
20170928213,23.505
20170928223,23.765
20170928233,25.41
20170929003,20.25
20170929013,14.25
20170929023,11.035
20170929033,8.04
20170929043,7.805
20170929053,8.625
20170929063,8.015
20170929073,10.96
20170929083,11.575
20170929093,15.33
20170929103,25.225
20170929113,28.06
20170929123,28.195
20170929133,27.785
20170929143,32.4
20170929153,31.555
20170929163,28.51
20170929173,29.05
20170929183,32.65
20170929193,27.5
20170929203,24.685
20170929213,23.025
20170929223,23.23
20170929233,26.03
20170930003,19.415
20170930013,11.27
20170930023,10.61
20170930033,7.86
20170930043,6.665
20170930053,7.43
20170930063,7.22
20170930073,9.705
20170930083,11.99
20170930093,15.765
20170930103,14.53
20170930113,16.02
20170930123,18.385
20170930133,15.96
20170930143,16.26
20170930153,15.81
20170930163,15.0
20170930173,16.9
20170930183,23.065
20170930193,20.83
20170930203,20.905
20170930213,21.855
20170930223,22.045
20170930233,21.825
20171001003,15.955
20171001013,10.94
20171001023,7.65
20171001033,7.08
20171001043,5.335
20171001053,4.595
20171001063,5.155
20171001073,7.46
20171001083,10.76
20171001093,13.885
20171001103,20.335
20171001113,21.07
20171001123,20.31
20171001133,20.01
20171001143,21.18
20171001153,20.36
20171001163,20.105
20171001173,26.38
20171001183,31.155
20171001193,17.69
20171001203,16.255
20171001213,14.605
20171001223,14.535
20171001233,15.14
20171002003,25.755
20171002013,12.505
20171002023,7.945
20171002033,7.355
20171002043,6.84
20171002053,6.395
20171002063,7.295
20171002073,9.73
20171002083,12.515
20171002093,14.37
20171002103,23.135
20171002113,24.695
20171002123,26.39
20171002133,25.37
20171002143,29.63
20171002153,26.535
20171002163,23.48
20171002173,25.43
20171002183,31.625
20171002193,27.125
20171002203,23.41
20171002213,24.35
20171002223,23.45
20171002233,23.295
20171003003,17.765
20171003013,13.195
20171003023,10.02
20171003033,8.69
20171003043,8.255
20171003053,7.56
20171003063,7.415
20171003073,10.49
20171003083,12.63
20171003093,16.495
20171003103,23.9
20171003113,25.595
20171003123,26.8
20171003133,25.985
20171003143,31.36
20171003153,27.915
20171003163,25.465
20171003173,28.53
20171003183,45.595
20171003193,34.2
20171003203,26.275
20171003213,24.715
20171003223,24.21
20171003233,23.445
20171004003,16.815
20171004013,13.855
20171004023,10.56
20171004033,9.46
20171004043,8.35
20171004053,8.03
20171004063,8.6
20171004073,10.67
20171004083,14.42
20171004093,19.66
20171004103,23.815
20171004113,25.68
20171004123,26.475
20171004133,25.515
20171004143,33.105
20171004153,28.205
20171004163,25.66
20171004173,27.665
20171004183,40.615
20171004193,31.47
20171004203,24.685
20171004213,24.57
20171004223,24.065
20171004233,23.23
20171005003,16.165
20171005013,13.76
20171005023,10.485
20171005033,8.865
20171005043,8.16
20171005053,7.95
20171005063,8.585
20171005073,9.995
20171005083,12.295
20171005093,16.825
20171005103,25.79
20171005113,27.14
20171005123,28.09
20171005133,29.495
20171005143,56.31
20171005153,45.995
20171005163,35.045
20171005173,34.22
20171005183,45.595
20171005193,33.48
20171005203,27.02
20171005213,26.255
20171005223,25.005
20171005233,23.66
20171006003,15.97
20171006013,13.725
20171006023,10.065
20171006033,8.51
20171006043,7.955
20171006053,7.7
20171006063,8.285
20171006073,10.465
20171006083,12.515
20171006093,15.39
20171006103,25.215
20171006113,27.095
20171006123,28.165
20171006133,30.02
20171006143,55.73
20171006153,46.95
20171006163,35.675
20171006173,34.29
20171006183,45.43
20171006193,33.345
20171006203,26.595
20171006213,25.525
20171006223,24.48
20171006233,22.98
20171007003,15.11
20171007013,10.73
20171007023,9.885
20171007033,8.3
20171007043,7.27
20171007053,6.89
20171007063,6.995
20171007073,8.73
20171007083,13.215
20171007093,16.63
20171007103,15.41
20171007113,16.79
20171007123,20.25
20171007133,15.17
20171007143,15.485
20171007153,15.245
20171007163,14.39
20171007173,15.72
20171007183,16.195
20171007193,17.835
20171007203,18.14
20171007213,19.525
20171007223,19.42
20171007233,18.505
20171008003,14.38
20171008013,9.92
20171008023,7.81
20171008033,7.205
20171008043,5.395
20171008053,4.855
20171008063,5.125
20171008073,7.445
20171008083,10.135
20171008093,13.165
20171008103,12.56
20171008113,11.86
20171008123,16.31
20171008133,14.0
20171008143,13.205
20171008153,12.515
20171008163,12.585
20171008173,12.49
20171008183,13.7
20171008193,12.68
20171008203,14.8
20171008213,13.68
20171008223,13.925
20171008233,14.075
20171009003,12.57
20171009013,10.635
20171009023,7.54
20171009033,7.575
20171009043,7.01
20171009053,6.465
20171009063,7.295
20171009073,8.835
20171009083,11.77
20171009093,14.945
20171009103,22.77
20171009113,25.025
20171009123,26.91
20171009133,26.655
20171009143,29.67
20171009153,29.215
20171009163,24.54
20171009173,26.175
20171009183,31.29
20171009193,26.7
20171009203,22.455
20171009213,24.135
20171009223,22.885
20171009233,22.84
20171010003,15.475
20171010013,11.935
20171010023,10.27
20171010033,8.895
20171010043,8.375
20171010053,7.62
20171010063,7.605
20171010073,9.605
20171010083,11.865
20171010093,17.195
20171010103,23.475
20171010113,25.26
20171010123,26.545
20171010133,26.09
20171010143,30.25
20171010153,29.71
20171010163,26.795
20171010173,29.61
20171010183,48.785
20171010193,37.23
20171010203,28.85
20171010213,25.745
20171010223,24.0
20171010233,23.29
20171011003,16.935
20171011013,13.54
20171011023,10.955
20171011033,9.76
20171011043,8.49
20171011053,8.125
20171011063,8.73
20171011073,11.06
20171011083,13.48
20171011093,20.625
20171011103,24.53
20171011113,26.55
20171011123,27.565
20171011133,26.86
20171011143,33.605
20171011153,30.785
20171011163,28.06
20171011173,28.785
20171011183,42.525
20171011193,33.64
20171011203,26.525
20171011213,25.115
20171011223,23.8
20171011233,23.055
20171012003,16.61
20171012013,13.685
20171012023,10.86
20171012033,9.24
20171012043,8.345
20171012053,8.155
20171012063,8.775
20171012073,10.66
20171012083,11.445
20171012093,17.335
20171012103,26.06
20171012113,28.17
20171012123,29.41
20171012133,30.94
20171012143,56.97
20171012153,47.725
20171012163,36.065
20171012173,34.375
20171012183,45.52
20171012193,34.955
20171012203,28.455
20171012213,26.56
20171012223,24.81
20171012233,23.31
20171013003,16.4
20171013013,13.72
20171013023,10.81
20171013033,9.97
20171013043,9.06
20171013053,9.05
20171013063,9.55
20171013073,11.805
20171013083,12.22
20171013093,15.925
20171013103,25.38
20171013113,27.675
20171013123,28.74
20171013133,30.28
20171013143,55.47
20171013153,49.12
20171013163,38.0
20171013173,36.18
20171013183,50.06
20171013193,39.29
20171013203,31.495
20171013213,27.625
20171013223,26.48
20171013233,24.105
20171014003,16.15
20171014013,10.795
20171014023,10.535
20171014033,9.84
20171014043,8.04
20171014053,8.05
20171014063,8.48
20171014073,9.38
20171014083,13.32
20171014093,17.125
20171014103,12.79
20171014113,13.285
20171014123,17.235
20171014133,13.49
20171014143,13.945
20171014153,13.525
20171014163,12.745
20171014173,13.535
20171014183,15.595
20171014193,18.025
20171014203,17.87
20171014213,19.59
20171014223,19.31
20171014233,18.2
20171015003,16.325
20171015013,10.125
20171015023,8.635
20171015033,7.525
20171015043,5.71
20171015053,5.51
20171015063,5.605
20171015073,7.18
20171015083,11.3
20171015093,13.165
20171015103,11.565
20171015113,11.645
20171015123,15.1
20171015133,14.11
20171015143,13.155
20171015153,12.585
20171015163,12.835
20171015173,12.535
20171015183,14.215
20171015193,13.03
20171015203,15.345
20171015213,13.645
20171015223,14.275
20171015233,15.075
20171016003,13.315
20171016013,11.18
20171016023,7.56
20171016033,7.155
20171016043,7.08
20171016053,7.52
20171016063,9.055
20171016073,9.03
20171016083,11.555
20171016093,14.21
20171016103,23.36
20171016113,25.7
20171016123,26.56
20171016133,25.315
20171016143,29.485
20171016153,27.25
20171016163,24.585
20171016173,26.155
20171016183,35.59
20171016193,30.49
20171016203,26.8
20171016213,26.925
20171016223,25.755
20171016233,25.09
20171017003,16.935
20171017013,12.085
20171017023,10.435
20171017033,7.425
20171017043,7.405
20171017053,7.725
20171017063,8.395
20171017073,9.08
20171017083,12.19
20171017093,15.935
20171017103,24.12
20171017113,26.525
20171017123,27.21
20171017133,26.045
20171017143,30.715
20171017153,28.07
20171017163,26.655
20171017173,28.46
20171017183,40.465
20171017193,32.86
20171017203,28.83
20171017213,26.79
20171017223,25.66
20171017233,24.455
20171018003,17.975
20171018013,13.505
20171018023,10.945
20171018033,7.995
20171018043,7.28
20171018053,7.665
20171018063,8.4
20171018073,9.11
20171018083,11.94
20171018093,18.19
20171018103,24.56
20171018113,26.885
20171018123,27.575
20171018133,26.335
20171018143,34.32
20171018153,29.2
20171018163,26.505
20171018173,27.615
20171018183,29.4
20171018193,27.235
20171018203,24.945
20171018213,26.12
20171018223,25.45
20171018233,24.355
20171019003,17.375
20171019013,13.715
20171019023,11.38
20171019033,7.325
20171019043,6.835
20171019053,7.83
20171019063,8.775
20171019073,8.745
20171019083,11.42
20171019093,16.695
20171019103,29.065
20171019113,29.5
20171019123,30.385
20171019133,36.455
20171019143,79.575
20171019153,64.58
20171019163,44.86
20171019173,42.67
20171019183,40.965
20171019193,32.385
20171019203,29.465
20171019213,30.84
20171019223,29.79
20171019233,28.015
20171020003,39.545
20171020013,13.74
20171020023,10.705
20171020033,7.33
20171020043,7.48
20171020053,7.975
20171020063,7.99
20171020073,11.065
20171020083,12.045
20171020093,17.125
20171020103,29.455
20171020113,30.185
20171020123,30.98
20171020133,36.35
20171020143,79.055
20171020153,64.58
20171020163,44.76
20171020173,42.35
20171020183,39.775
20171020193,31.115
20171020203,26.85
20171020213,27.05
20171020223,26.07
20171020233,24.96
20171021003,37.27
20171021013,10.92
20171021023,10.41
20171021033,7.86
20171021043,6.94
20171021053,6.595
20171021063,6.63
20171021073,8.935
20171021083,11.395
20171021093,15.9
20171021103,15.34
20171021113,15.44
20171021123,21.66
20171021133,15.95
20171021143,17.255
20171021153,17.02
20171021163,15.44
20171021173,18.205
20171021183,19.65
20171021193,19.95
20171021203,20.315
20171021213,21.19
20171021223,21.39
20171021233,21.15
20171022003,28.415
20171022013,10.115
20171022023,8.955
20171022033,7.915
20171022043,6.57
20171022053,6.37
20171022063,6.195
20171022073,9.06
20171022083,11.19
20171022093,14.245
20171022103,15.805
20171022113,15.18
20171022123,19.45
20171022133,17.175
20171022143,15.49
20171022153,15.135
20171022163,14.94
20171022173,15.815
20171022183,16.825
20171022193,13.305
20171022203,15.56
20171022213,14.03
20171022223,14.98
20171022233,15.95
20171023003,30.655
20171023013,11.36
20171023023,7.715
20171023033,7.075
20171023043,7.4
20171023053,6.865
20171023063,7.69
20171023073,9.115
20171023083,10.785
20171023093,15.41
20171023103,21.135
20171023113,21.455
20171023123,21.5
20171023133,21.91
20171023143,28.53
20171023153,26.325
20171023163,23.71
20171023173,25.27
20171023183,26.765
20171023193,26.01
20171023203,21.675
20171023213,22.695
20171023223,23.125
20171023233,23.48
20171024003,22.84
20171024013,12.26
20171024023,10.515
20171024033,7.86
20171024043,7.61
20171024053,6.555
20171024063,6.865
20171024073,9.18
20171024083,11.285
20171024093,16.81
20171024103,25.115
20171024113,31.41
20171024123,29.81
20171024133,31.265
20171024143,35.805
20171024153,32.775
20171024163,31.63
20171024173,33.565
20171024183,32.395
20171024193,29.245
20171024203,23.66
20171024213,25.17
20171024223,25.31
20171024233,24.995
20171025003,18.865
20171025013,13.305
20171025023,10.695
20171025033,8.605
20171025043,8.215
20171025053,7.42
20171025063,7.585
20171025073,8.625
20171025083,11.155
20171025093,18.11
20171025103,23.865
20171025113,27.985
20171025123,26.515
20171025133,27.655
20171025143,34.405
20171025153,30.76
20171025163,28.58
20171025173,28.395
20171025183,28.635
20171025193,28.62
20171025203,23.26
20171025213,23.955
20171025223,24.17
20171025233,24.28
20171026003,15.845
20171026013,13.615
20171026023,11.24
20171026033,7.98
20171026043,7.975
20171026053,7.805
20171026063,7.835
20171026073,8.34
20171026083,11.3
20171026093,17.13
20171026103,24.995
20171026113,28.535
20171026123,27.875
20171026133,26.905
20171026143,33.16
20171026153,31.26
20171026163,27.985
20171026173,28.23
20171026183,29.94
20171026193,27.3
20171026203,23.98
20171026213,23.26
20171026223,23.57
20171026233,25.04
20171027003,16.355
20171027013,13.865
20171027023,10.845
20171027033,7.795
20171027043,7.955
20171027053,8.045
20171027063,7.535
20171027073,10.765
20171027083,11.295
20171027093,15.24
20171027103,25.225
20171027113,30.05
20171027123,29.31
20171027133,29.77
20171027143,33.32
20171027153,32.33
20171027163,29.695
20171027173,30.285
20171027183,31.73
20171027193,27.89
20171027203,24.545
20171027213,23.125
20171027223,23.485
20171027233,25.945
20171028003,15.68
20171028013,10.945
20171028023,9.94
20171028033,8.325
20171028043,7.49
20171028053,7.565
20171028063,7.285
20171028073,9.17
20171028083,11.23
20171028093,14.405
20171028103,13.28
20171028113,15.35
20171028123,17.895
20171028133,14.925
20171028143,15.26
20171028153,14.82
20171028163,14.15
20171028173,16.13
20171028183,19.25
20171028193,19.995
20171028203,20.805
20171028213,21.775
20171028223,21.97
20171028233,21.735
20171029003,15.265
20171029013,10.385
20171029023,8.9
20171029033,8.065
20171029043,7.525
20171029053,7.545
20171029063,7.07
20171029073,8.67
20171029083,10.835
20171029093,12.78
20171029103,14.19
20171029113,14.995
20171029123,17.84
20171029133,16.035
20171029143,13.905
20171029153,13.3
20171029163,13.81
20171029173,14.24
20171029183,16.37
20171029193,13.13
20171029203,15.375
20171029213,13.83
20171029223,14.735
20171029233,15.675
20171030003,15.275
20171030013,11.925
20171030023,8.33
20171030033,7.535
20171030043,7.115
20171030053,6.915
20171030063,7.455
20171030073,9.51
20171030083,11.025
20171030093,15.975
20171030103,22.875
20171030113,25.805
20171030123,26.605
20171030133,27.165
20171030143,30.195
20171030153,28.855
20171030163,27.215
20171030173,28.83
20171030183,29.63
20171030193,28.535
20171030203,26.3
20171030213,25.46
20171030223,25.69
20171030233,28.06
20171031003,14.53
20171031013,12.76
20171031023,10.55
20171031033,7.84
20171031043,7.24
20171031053,7.215
20171031063,7.315
20171031073,9.615
20171031083,11.55
20171031093,17.785
20171031103,25.74
20171031113,32.915
20171031123,32.32
20171031133,33.455
20171031143,33.9
20171031153,32.225
20171031163,32.34
20171031173,34.155
20171031183,32.905
20171031193,29.775
20171031203,26.57
20171031213,26.06
20171031223,25.91
20171031233,28.28
20170701004,7.455
20170701014,6.835
20170701024,4.255
20170701034,3.995
20170701044,3.69
20170701054,3.675
20170701064,4.835
20170701074,6.335
20170701084,6.86
20170701094,6.93
20170701104,10.22
20170701114,8.365
20170701124,8.645
20170701134,9.43
20170701144,8.95
20170701154,8.465
20170701164,7.81
20170701174,8.095
20170701184,7.24
20170701194,7.605
20170701204,7.395
20170701214,6.895
20170701224,8.395
20170701234,8.96
20170702004,7.255
20170702014,6.585
20170702024,4.33
20170702034,3.87
20170702044,3.06
20170702054,3.12
20170702064,4.175
20170702074,5.035
20170702084,6.715
20170702094,6.825
20170702104,8.53
20170702114,7.51
20170702124,7.935
20170702134,8.1
20170702144,7.835
20170702154,8.63
20170702164,7.785
20170702174,7.85
20170702184,7.525
20170702194,7.795
20170702204,7.055
20170702214,6.91
20170702224,6.295
20170702234,8.03
20170703004,7.98
20170703014,5.425
20170703024,4.64
20170703034,4.22
20170703044,3.54
20170703054,4.135
20170703064,3.225
20170703074,5.585
20170703084,5.585
20170703094,7.36
20170703104,8.565
20170703114,10.14
20170703124,11.58
20170703134,10.46
20170703144,10.905
20170703154,11.095
20170703164,11.32
20170703174,11.09
20170703184,9.485
20170703194,8.715
20170703204,8.705
20170703214,8.78
20170703224,9.935
20170703234,9.27
20170704004,8.18
20170704014,6.715
20170704024,4.595
20170704034,4.085
20170704044,3.225
20170704054,3.83
20170704064,3.21
20170704074,5.43
20170704084,5.595
20170704094,8.7
20170704104,9.62
20170704114,11.47
20170704124,13.83
20170704134,11.405
20170704144,11.545
20170704154,11.53
20170704164,11.405
20170704174,10.875
20170704184,10.39
20170704194,8.93
20170704204,8.785
20170704214,9.05
20170704224,10.2
20170704234,8.99
20170705004,7.865
20170705014,6.745
20170705024,4.985
20170705034,4.51
20170705044,3.795
20170705054,4.145
20170705064,3.48
20170705074,5.64
20170705084,6.325
20170705094,8.52
20170705104,9.295
20170705114,10.95
20170705124,14.34
20170705134,12.61
20170705144,12.415
20170705154,12.505
20170705164,11.645
20170705174,11.045
20170705184,10.895
20170705194,10.565
20170705204,11.415
20170705214,10.995
20170705224,10.885
20170705234,9.82
20170706004,8.635
20170706014,7.67
20170706024,5.34
20170706034,5.17
20170706044,4.375
20170706054,4.795
20170706064,4.505
20170706074,5.535
20170706084,6.74
20170706094,9.385
20170706104,10.25
20170706114,12.04
20170706124,15.185
20170706134,13.215
20170706144,13.015
20170706154,14.665
20170706164,14.035
20170706174,12.795
20170706184,11.025
20170706194,10.52
20170706204,10.75
20170706214,9.88
20170706224,10.185
20170706234,9.445
20170707004,7.535
20170707014,6.835
20170707024,4.745
20170707034,5.03
20170707044,4.245
20170707054,4.185
20170707064,4.99
20170707074,5.095
20170707084,5.71
20170707094,7.47
20170707104,9.985
20170707114,11.105
20170707124,12.93
20170707134,11.54
20170707144,12.34
20170707154,14.595
20170707164,12.965
20170707174,11.9
20170707184,11.02
20170707194,11.865
20170707204,13.52
20170707214,11.515
20170707224,11.375
20170707234,10.1
20170708004,7.455
20170708014,6.38
20170708024,4.51
20170708034,4.19
20170708044,4.16
20170708054,4.035
20170708064,5.235
20170708074,4.525
20170708084,5.33
20170708094,6.895
20170708104,10.15
20170708114,8.255
20170708124,7.82
20170708134,9.62
20170708144,10.45
20170708154,9.18
20170708164,8.215
20170708174,9.45
20170708184,8.25
20170708194,9.055
20170708204,9.04
20170708214,7.785
20170708224,9.36
20170708234,9.105
20170709004,7.505
20170709014,6.15
20170709024,4.295
20170709034,3.895
20170709044,3.465
20170709054,3.145
20170709064,4.87
20170709074,4.58
20170709084,5.425
20170709094,7.185
20170709104,8.58
20170709114,7.185
20170709124,7.295
20170709134,8.005
20170709144,8.295
20170709154,8.73
20170709164,7.85
20170709174,8.235
20170709184,7.56
20170709194,8.76
20170709204,7.91
20170709214,7.84
20170709224,7.98
20170709234,8.285
20170710004,7.52
20170710014,5.43
20170710024,3.94
20170710034,3.72
20170710044,3.445
20170710054,3.82
20170710064,3.2
20170710074,4.62
20170710084,4.67
20170710094,6.55
20170710104,8.13
20170710114,9.115
20170710124,10.74
20170710134,9.655
20170710144,11.155
20170710154,11.56
20170710164,12.67
20170710174,11.385
20170710184,9.57
20170710194,8.305
20170710204,7.83
20170710214,8.21
20170710224,9.66
20170710234,9.015
20170711004,7.8
20170711014,6.91
20170711024,4.295
20170711034,4.135
20170711044,3.315
20170711054,3.715
20170711064,3.675
20170711074,5.405
20170711084,5.01
20170711094,7.875
20170711104,9.205
20170711114,10.16
20170711124,12.19
20170711134,10.515
20170711144,11.54
20170711154,11.685
20170711164,12.485
20170711174,11.255
20170711184,11.14
20170711194,9.43
20170711204,8.51
20170711214,9.055
20170711224,10.125
20170711234,9.04
20170712004,7.575
20170712014,6.82
20170712024,4.96
20170712034,4.085
20170712044,3.425
20170712054,3.985
20170712064,3.855
20170712074,5.565
20170712084,6.145
20170712094,8.185
20170712104,8.805
20170712114,10.19
20170712124,13.155
20170712134,12.725
20170712144,13.185
20170712154,13.145
20170712164,12.445
20170712174,11.34
20170712184,11.69
20170712194,11.225
20170712204,11.53
20170712214,11.33
20170712224,11.16
20170712234,9.915
20170713004,8.79
20170713014,7.485
20170713024,5.535
20170713034,5.235
20170713044,4.475
20170713054,4.915
20170713064,5.12
20170713074,5.185
20170713084,6.685
20170713094,9.115
20170713104,9.89
20170713114,11.805
20170713124,12.92
20170713134,12.67
20170713144,12.885
20170713154,14.745
20170713164,14.225
20170713174,12.85
20170713184,11.795
20170713194,10.98
20170713204,10.74
20170713214,9.675
20170713224,10.44
20170713234,9.29
20170714004,7.095
20170714014,6.18
20170714024,4.935
20170714034,5.1
20170714044,4.265
20170714054,4.49
20170714064,5.005
20170714074,3.93
20170714084,6.495
20170714094,7.95
20170714104,10.02
20170714114,11.335
20170714124,12.855
20170714134,13.14
20170714144,12.915
20170714154,15.655
20170714164,13.625
20170714174,12.545
20170714184,11.685
20170714194,12.745
20170714204,14.43
20170714214,11.685
20170714224,11.615
20170714234,10.015
20170715004,7.15
20170715014,5.975
20170715024,5.085
20170715034,4.91
20170715044,4.33
20170715054,4.41
20170715064,5.155
20170715074,4.065
20170715084,6.485
20170715094,6.965
20170715104,9.93
20170715114,7.57
20170715124,8.49
20170715134,6.655
20170715144,8.72
20170715154,8.08
20170715164,7.195
20170715174,8.23
20170715184,7.865
20170715194,8.72
20170715204,10.06
20170715214,9.255
20170715224,10.56
20170715234,9.805
20170716004,7.4
20170716014,6.15
20170716024,5.285
20170716034,4.325
20170716044,3.655
20170716054,3.805
20170716064,4.865
20170716074,4.325
20170716084,6.725
20170716094,7.29
20170716104,8.125
20170716114,6.745
20170716124,7.36
20170716134,6.94
20170716144,7.925
20170716154,8.19
20170716164,6.51
20170716174,6.67
20170716184,6.76
20170716194,7.94
20170716204,7.82
20170716214,8.305
20170716224,8.38
20170716234,8.5
20170717004,7.1
20170717014,5.11
20170717024,4.67
20170717034,4.295
20170717044,3.855
20170717054,4.23
20170717064,3.69
20170717074,5.18
20170717084,4.17
20170717094,6.225
20170717104,8.025
20170717114,9.28
20170717124,10.135
20170717134,10.205
20170717144,11.125
20170717154,12.275
20170717164,12.105
20170717174,11.37
20170717184,8.92
20170717194,8.495
20170717204,7.87
20170717214,8.195
20170717224,9.8
20170717234,8.105
20170718004,7.815
20170718014,5.765
20170718024,4.68
20170718034,4.005
20170718044,3.475
20170718054,3.38
20170718064,3.76
20170718074,5.42
20170718084,4.615
20170718094,7.57
20170718104,9.2
20170718114,10.495
20170718124,11.575
20170718134,10.795
20170718144,11.0
20170718154,12.315
20170718164,12.09
20170718174,11.3
20170718184,10.125
20170718194,9.45
20170718204,9.075
20170718214,9.025
20170718224,10.24
20170718234,8.47
20170719004,7.4
20170719014,5.945
20170719024,5.355
20170719034,4.075
20170719044,3.465
20170719054,3.64
20170719064,4.045
20170719074,5.22
20170719084,6.265
20170719094,8.11
20170719104,8.73
20170719114,9.585
20170719124,12.96
20170719134,10.83
20170719144,11.69
20170719154,13.38
20170719164,12.52
20170719174,11.33
20170719184,11.05
20170719194,11.37
20170719204,12.17
20170719214,11.79
20170719224,12.235
20170719234,10.335
20170720004,8.84
20170720014,7.005
20170720024,5.715
20170720034,4.615
20170720044,4.48
20170720054,3.76
20170720064,4.635
20170720074,5.44
20170720084,7.555
20170720094,9.625
20170720104,10.045
20170720114,11.19
20170720124,13.21
20170720134,10.945
20170720144,12.005
20170720154,16.365
20170720164,16.085
20170720174,13.98
20170720184,11.77
20170720194,11.625
20170720204,11.945
20170720214,10.59
20170720224,12.28
20170720234,10.54
20170721004,8.6
20170721014,6.31
20170721024,5.74
20170721034,4.78
20170721044,4.34
20170721054,3.91
20170721064,4.955
20170721074,5.155
20170721084,6.845
20170721094,8.29
20170721104,10.43
20170721114,10.41
20170721124,13.02
20170721134,10.59
20170721144,11.69
20170721154,16.035
20170721164,15.12
20170721174,13.385
20170721184,11.73
20170721194,13.53
20170721204,15.09
20170721214,11.935
20170721224,12.53
20170721234,11.315
20170722004,8.79
20170722014,6.675
20170722024,5.375
20170722034,4.925
20170722044,4.51
20170722054,4.28
20170722064,4.98
20170722074,5.115
20170722084,6.73
20170722094,7.685
20170722104,11.025
20170722114,10.07
20170722124,9.78
20170722134,8.365
20170722144,11.23
20170722154,9.97
20170722164,7.465
20170722174,8.55
20170722184,8.44
20170722194,9.315
20170722204,9.66
20170722214,7.935
20170722224,8.7
20170722234,7.75
20170723004,8.94
20170723014,5.8
20170723024,4.825
20170723034,4.355
20170723044,3.635
20170723054,4.02
20170723064,4.575
20170723074,4.89
20170723084,6.455
20170723094,7.675
20170723104,7.425
20170723114,7.62
20170723124,6.72
20170723134,6.325
20170723144,7.705
20170723154,8.615
20170723164,7.055
20170723174,7.345
20170723184,7.51
20170723194,7.82
20170723204,7.875
20170723214,8.145
20170723224,8.495
20170723234,8.46
20170724004,6.995
20170724014,5.24
20170724024,4.83
20170724034,3.68
20170724044,2.57
20170724054,3.98
20170724064,4.025
20170724074,5.6
20170724084,3.4
20170724094,6.445
20170724104,9.825
20170724114,9.6
20170724124,10.34
20170724134,9.82
20170724144,9.47
20170724154,11.495
20170724164,10.785
20170724174,11.48
20170724184,10.46
20170724194,8.395
20170724204,8.8
20170724214,8.49
20170724224,10.055
20170724234,9.84
20170725004,7.58
20170725014,5.665
20170725024,4.865
20170725034,4.33
20170725044,1.995
20170725054,2.925
20170725064,3.69
20170725074,6.105
20170725084,4.13
20170725094,7.58
20170725104,11.63
20170725114,11.835
20170725124,14.915
20170725134,11.42
20170725144,10.76
20170725154,12.01
20170725164,10.88
20170725174,11.75
20170725184,11.53
20170725194,9.95
20170725204,9.555
20170725214,9.345
20170725224,10.7
20170725234,9.775
20170726004,7.07
20170726014,6.275
20170726024,5.15
20170726034,4.38
20170726044,2.71
20170726054,3.6
20170726064,4.525
20170726074,6.14
20170726084,5.405
20170726094,8.345
20170726104,11.125
20170726114,11.325
20170726124,15.87
20170726134,12.22
20170726144,12.755
20170726154,14.22
20170726164,13.67
20170726174,13.59
20170726184,13.37
20170726194,13.455
20170726204,13.76
20170726214,12.61
20170726224,14.2
20170726234,12.515
20170727004,8.75
20170727014,7.34
20170727024,5.365
20170727034,4.8
20170727044,3.655
20170727054,3.665
20170727064,4.91
20170727074,5.755
20170727084,6.37
20170727094,9.685
20170727104,15.575
20170727114,16.83
20170727124,21.445
20170727134,15.5
20170727144,15.255
20170727154,16.135
20170727164,15.765
20170727174,15.685
20170727184,15.395
20170727194,13.795
20170727204,13.965
20170727214,12.3
20170727224,14.525
20170727234,12.76
20170728004,8.2
20170728014,6.555
20170728024,4.97
20170728034,5.435
20170728044,4.685
20170728054,4.52
20170728064,5.475
20170728074,5.28
20170728084,5.605
20170728094,8.795
20170728104,13.96
20170728114,14.605
20170728124,18.16
20170728134,13.675
20170728144,13.44
20170728154,15.395
20170728164,16.27
20170728174,16.685
20170728184,16.585
20170728194,13.82
20170728204,16.6
20170728214,16.14
20170728224,18.76
20170728234,15.45
20170729004,11.125
20170729014,8.115
20170729024,5.5
20170729034,5.155
20170729044,4.745
20170729054,4.795
20170729064,5.555
20170729074,5.095
20170729084,5.765
20170729094,8.9
20170729104,9.795
20170729114,9.185
20170729124,9.18
20170729134,8.06
20170729144,10.505
20170729154,9.365
20170729164,7.535
20170729174,8.675
20170729184,8.665
20170729194,9.085
20170729204,9.415
20170729214,8.135
20170729224,9.06
20170729234,8.085
20170730004,10.75
20170730014,6.995
20170730024,4.38
20170730034,4.11
20170730044,4.035
20170730054,4.485
20170730064,4.685
20170730074,4.44
20170730084,5.46
20170730094,7.955
20170730104,7.1
20170730114,7.34
20170730124,6.77
20170730134,6.36
20170730144,7.31
20170730154,8.32
20170730164,7.395
20170730174,7.54
20170730184,7.83
20170730194,7.43
20170730204,7.475
20170730214,7.97
20170730224,8.925
20170730234,8.615
20170731004,10.525
20170731014,6.715
20170731024,4.855
20170731034,4.81
20170731044,3.455
20170731054,4.085
20170731064,3.965
20170731074,5.295
20170731084,4.365
20170731094,8.015
20170731104,16.805
20170731114,17.245
20170731124,19.32
20170731134,14.465
20170731144,13.815
20170731154,13.505
20170731164,13.725
20170731174,14.345
20170731184,14.88
20170731194,12.33
20170731204,13.105
20170731214,12.495
20170731224,14.77
20170731234,12.935
20170801004,8.26
20170801014,6.83
20170801024,4.62
20170801034,3.815
20170801044,3.44
20170801054,3.9
20170801064,3.965
20170801074,7.145
20170801084,6.31
20170801094,8.215
20170801104,10.615
20170801114,11.545
20170801124,13.835
20170801134,13.225
20170801144,12.655
20170801154,12.46
20170801164,12.93
20170801174,13.68
20170801184,11.485
20170801194,10.815
20170801204,10.285
20170801214,10.015
20170801224,10.755
20170801234,9.835
20170802004,8.07
20170802014,6.83
20170802024,4.78
20170802034,4.125
20170802044,3.59
20170802054,4.195
20170802064,3.95
20170802074,6.245
20170802084,6.78
20170802094,7.79
20170802104,9.365
20170802114,10.885
20170802124,14.155
20170802134,12.875
20170802144,12.56
20170802154,12.69
20170802164,11.86
20170802174,11.66
20170802184,11.085
20170802194,11.495
20170802204,12.275
20170802214,11.805
20170802224,11.455
20170802234,10.435
20170803004,8.84
20170803014,7.56
20170803024,5.0
20170803034,4.755
20170803044,4.185
20170803054,4.89
20170803064,4.745
20170803074,6.16
20170803084,7.28
20170803094,9.045
20170803104,10.135
20170803114,11.8
20170803124,13.975
20170803134,12.805
20170803144,13.01
20170803154,14.65
20170803164,13.98
20170803174,13.245
20170803184,11.445
20170803194,11.455
20170803204,11.72
20170803214,10.765
20170803224,10.915
20170803234,10.05
20170804004,7.69
20170804014,6.37
20170804024,4.385
20170804034,4.645
20170804044,3.59
20170804054,4.035
20170804064,4.755
20170804074,5.01
20170804084,6.125
20170804094,7.87
20170804104,9.745
20170804114,11.115
20170804124,13.07
20170804134,11.61
20170804144,12.145
20170804154,14.655
20170804164,12.985
20170804174,11.95
20170804184,11.15
20170804194,12.315
20170804204,13.93
20170804214,11.855
20170804224,11.725
20170804234,10.365
20170805004,7.3
20170805014,6.775
20170805024,4.29
20170805034,4.36
20170805044,3.85
20170805054,3.44
20170805064,4.31
20170805074,4.555
20170805084,5.915
20170805094,7.665
20170805104,11.195
20170805114,9.055
20170805124,9.58
20170805134,9.34
20170805144,9.35
20170805154,8.845
20170805164,8.02
20170805174,8.4
20170805184,7.575
20170805194,8.135
20170805204,7.45
20170805214,6.965
20170805224,8.12
20170805234,9.32
20170806004,7.095
20170806014,6.54
20170806024,4.6
20170806034,4.175
20170806044,3.255
20170806054,3.14
20170806064,3.925
20170806074,4.435
20170806084,5.955
20170806094,8.005
20170806104,8.865
20170806114,7.385
20170806124,7.61
20170806134,8.09
20170806144,8.305
20170806154,8.835
20170806164,7.86
20170806174,8.025
20170806184,7.565
20170806194,8.52
20170806204,7.42
20170806214,7.555
20170806224,7.085
20170806234,7.735
20170807004,7.45
20170807014,6.125
20170807024,4.97
20170807034,4.31
20170807044,3.615
20170807054,3.97
20170807064,3.165
20170807074,5.175
20170807084,4.96
20170807094,6.98
20170807104,8.47
20170807114,9.44
20170807124,11.215
20170807134,9.68
20170807144,10.87
20170807154,11.255
20170807164,11.67
20170807174,10.825
20170807184,9.245
20170807194,8.135
20170807204,7.98
20170807214,8.24
20170807224,9.62
20170807234,8.835
20170808004,7.86
20170808014,7.575
20170808024,5.385
20170808034,4.465
20170808044,3.72
20170808054,4.08
20170808064,3.85
20170808074,5.72
20170808084,5.23
20170808094,8.01
20170808104,9.58
20170808114,10.49
20170808124,12.8
20170808134,10.57
20170808144,11.435
20170808154,11.57
20170808164,11.7
20170808174,10.92
20170808184,10.26
20170808194,9.105
20170808204,8.67
20170808214,9.035
20170808224,9.995
20170808234,8.945
20170809004,7.675
20170809014,6.75
20170809024,4.655
20170809034,4.0
20170809044,3.765
20170809054,3.93
20170809064,3.895
20170809074,5.53
20170809084,5.725
20170809094,7.89
20170809104,8.97
20170809114,10.265
20170809124,13.25
20170809134,12.165
20170809144,12.845
20170809154,12.845
20170809164,12.055
20170809174,11.125
20170809184,11.235
20170809194,10.955
20170809204,11.425
20170809214,11.105
20170809224,10.71
20170809234,9.785
20170810004,8.625
20170810014,7.11
20170810024,5.015
20170810034,4.92
20170810044,4.435
20170810054,4.655
20170810064,5.02
20170810074,4.955
20170810084,6.17
20170810094,8.865
20170810104,9.95
20170810114,11.69
20170810124,13.13
20170810134,12.36
20170810144,13.035
20170810154,14.615
20170810164,14.06
20170810174,12.7
20170810184,11.305
20170810194,10.75
20170810204,10.75
20170810214,9.865
20170810224,10.005
20170810234,9.415
20170811004,7.295
20170811014,6.3
20170811024,4.42
20170811034,4.815
20170811044,4.12
20170811054,4.08
20170811064,5.22
20170811074,4.165
20170811084,6.025
20170811094,7.74
20170811104,9.79
20170811114,11.345
20170811124,12.905
20170811134,12.205
20170811144,12.78
20170811154,15.065
20170811164,13.295
20170811174,12.13
20170811184,11.42
20170811194,12.095
20170811204,13.63
20170811214,11.485
20170811224,11.46
20170811234,10.04
20170812004,7.275
20170812014,6.26
20170812024,4.665
20170812034,4.555
20170812044,4.185
20170812054,4.225
20170812064,5.245
20170812074,3.915
20170812084,5.89
20170812094,6.97
20170812104,9.97
20170812114,7.97
20170812124,8.25
20170812134,8.06
20170812144,9.595
20170812154,8.785
20170812164,7.895
20170812174,8.995
20170812184,8.14
20170812194,9.12
20170812204,9.595
20170812214,8.595
20170812224,10.025
20170812234,9.39
20170813004,7.44
20170813014,6.325
20170813024,5.195
20170813034,4.27
20170813044,3.58
20170813054,3.945
20170813064,4.755
20170813074,4.445
20170813084,6.34
20170813094,7.275
20170813104,8.17
20170813114,6.84
20170813124,7.325
20170813134,6.61
20170813144,7.31
20170813154,8.15
20170813164,7.145
20170813174,7.48
20170813184,7.255
20170813194,8.69
20170813204,8.005
20170813214,8.14
20170813224,8.18
20170813234,8.395
20170814004,7.505
20170814014,5.625
20170814024,4.43
20170814034,4.17
20170814044,3.44
20170814054,4.11
20170814064,3.705
20170814074,5.12
20170814084,4.575
20170814094,6.62
20170814104,7.99
20170814114,9.205
20170814124,10.635
20170814134,11.145
20170814144,11.85
20170814154,12.09
20170814164,12.475
20170814174,11.655
20170814184,10.24
20170814194,9.195
20170814204,8.705
20170814214,8.72
20170814224,10.075
20170814234,8.575
20170815004,7.855
20170815014,6.005
20170815024,4.525
20170815034,4.44
20170815044,3.43
20170815054,3.97
20170815064,4.105
20170815074,5.84
20170815084,4.94
20170815094,7.735
20170815104,9.165
20170815114,10.565
20170815124,11.675
20170815134,11.05
20170815144,11.32
20170815154,11.75
20170815164,11.58
20170815174,10.89
20170815184,10.61
20170815194,9.44
20170815204,8.905
20170815214,9.03
20170815224,10.145
20170815234,8.49
20170816004,7.075
20170816014,5.9
20170816024,5.195
20170816034,4.36
20170816044,3.545
20170816054,4.155
20170816064,4.255
20170816074,5.445
20170816084,6.515
20170816094,8.1
20170816104,8.85
20170816114,9.89
20170816124,12.91
20170816134,11.345
20170816144,12.045
20170816154,13.36
20170816164,12.3
20170816174,11.24
20170816184,11.3
20170816194,11.51
20170816204,12.36
20170816214,11.765
20170816224,11.99
20170816234,10.035
20170817004,8.285
20170817014,6.76
20170817024,5.57
20170817034,5.275
20170817044,4.695
20170817054,4.615
20170817064,5.05
20170817074,5.195
20170817084,7.81
20170817094,9.195
20170817104,10.0
20170817114,11.465
20170817124,13.065
20170817134,11.39
20170817144,12.015
20170817154,16.06
20170817164,15.56
20170817174,13.53
20170817184,11.37
20170817194,11.16
20170817204,11.485
20170817214,9.8
20170817224,11.3
20170817234,9.62
20170818004,8.64
20170818014,6.38
20170818024,5.45
20170818034,5.1
20170818044,4.385
20170818054,4.155
20170818064,5.08
20170818074,4.855
20170818084,6.975
20170818094,8.12
20170818104,10.29
20170818114,10.485
20170818124,12.32
20170818134,11.08
20170818144,11.405
20170818154,16.29
20170818164,14.94
20170818174,13.25
20170818184,11.42
20170818194,13.22
20170818204,15.415
20170818214,11.73
20170818224,12.105
20170818234,10.145
20170819004,8.8
20170819014,6.265
20170819024,5.335
20170819034,4.54
20170819044,4.165
20170819054,4.095
20170819064,5.31
20170819074,5.125
20170819084,6.82
20170819094,7.365
20170819104,10.235
20170819114,8.24
20170819124,8.59
20170819134,7.23
20170819144,9.405
20170819154,8.31
20170819164,6.795
20170819174,7.91
20170819184,7.76
20170819194,8.62
20170819204,9.945
20170819214,8.825
20170819224,9.83
20170819234,9.055
20170820004,9.16
20170820014,6.64
20170820024,5.575
20170820034,4.11
20170820044,3.295
20170820054,3.495
20170820064,4.785
20170820074,5.085
20170820084,6.865
20170820094,7.685
20170820104,7.995
20170820114,7.13
20170820124,7.41
20170820134,7.32
20170820144,8.49
20170820154,8.44
20170820164,6.26
20170820174,6.355
20170820184,6.615
20170820194,7.525
20170820204,7.59
20170820214,7.875
20170820224,7.765
20170820234,7.79
20170821004,6.945
20170821014,5.345
20170821024,5.35
20170821034,3.525
20170821044,2.945
20170821054,3.66
20170821064,3.58
20170821074,5.215
20170821084,3.855
20170821094,6.465
20170821104,8.745
20170821114,8.82
20170821124,10.6
20170821134,9.665
20170821144,9.885
20170821154,12.015
20170821164,11.675
20170821174,11.335
20170821184,10.095
20170821194,8.95
20170821204,9.07
20170821214,8.985
20170821224,10.405
20170821234,9.845
20170822004,7.55
20170822014,6.23
20170822024,5.48
20170822034,4.175
20170822044,2.78
20170822054,2.91
20170822064,3.62
20170822074,5.675
20170822084,5.27
20170822094,8.29
20170822104,10.885
20170822114,11.615
20170822124,14.5
20170822134,11.545
20170822144,11.165
20170822154,14.035
20170822164,13.55
20170822174,12.95
20170822184,11.91
20170822194,10.54
20170822204,10.105
20170822214,9.575
20170822224,11.155
20170822234,10.03
20170823004,7.455
20170823014,5.87
20170823024,5.255
20170823034,4.535
20170823044,3.28
20170823054,3.45
20170823064,4.275
20170823074,5.75
20170823084,6.635
20170823094,8.935
20170823104,10.595
20170823114,10.805
20170823124,15.475
20170823134,11.58
20170823144,12.41
20170823154,14.725
20170823164,14.47
20170823174,13.65
20170823184,12.925
20170823194,13.615
20170823204,13.73
20170823214,12.455
20170823224,13.9
20170823234,12.355
20170824004,8.715
20170824014,6.765
20170824024,5.31
20170824034,5.085
20170824044,4.515
20170824054,3.815
20170824064,4.925
20170824074,5.585
20170824084,6.24
20170824094,9.315
20170824104,11.465
20170824114,12.39
20170824124,15.405
20170824134,11.965
20170824144,13.51
20170824154,17.21
20170824164,17.555
20170824174,15.9
20170824184,13.38
20170824194,13.835
20170824204,13.76
20170824214,11.285
20170824224,13.12
20170824234,11.93
20170825004,8.045
20170825014,6.055
20170825024,4.785
20170825034,5.145
20170825044,4.22
20170825054,4.205
20170825064,5.06
20170825074,5.13
20170825084,5.245
20170825094,7.595
20170825104,11.805
20170825114,11.355
20170825124,12.98
20170825134,9.765
20170825144,11.17
20170825154,13.165
20170825164,12.695
20170825174,12.735
20170825184,11.005
20170825194,14.01
20170825204,14.925
20170825214,11.535
20170825224,11.795
20170825234,12.34
20170826004,8.26
20170826014,6.37
20170826024,5.01
20170826034,4.835
20170826044,3.95
20170826054,4.58
20170826064,4.895
20170826074,4.815
20170826084,4.615
20170826094,6.915
20170826104,9.805
20170826114,9.2
20170826124,8.81
20170826134,7.835
20170826144,10.55
20170826154,9.355
20170826164,7.225
20170826174,8.38
20170826184,8.315
20170826194,8.99
20170826204,9.275
20170826214,7.98
20170826224,8.7
20170826234,7.835
20170827004,8.235
20170827014,6.405
20170827024,4.515
20170827034,3.8
20170827044,3.13
20170827054,4.005
20170827064,4.285
20170827074,4.645
20170827084,5.1
20170827094,7.025
20170827104,7.135
20170827114,7.57
20170827124,6.875
20170827134,6.465
20170827144,7.55
20170827154,8.485
20170827164,7.47
20170827174,7.625
20170827184,7.775
20170827194,7.73
20170827204,7.675
20170827214,8.18
20170827224,8.82
20170827234,8.58
20170828004,7.24
20170828014,5.415
20170828024,4.43
20170828034,4.36
20170828044,2.825
20170828054,3.52
20170828064,4.155
20170828074,6.405
20170828084,3.955
20170828094,8.14
20170828104,16.925
20170828114,17.755
20170828124,20.34
20170828134,14.805
20170828144,14.34
20170828154,14.04
20170828164,13.58
20170828174,14.165
20170828184,14.92
20170828194,13.56
20170828204,14.685
20170828214,13.5
20170828224,15.445
20170828234,13.825
20170829004,10.57
20170829014,7.91
20170829024,5.175
20170829034,4.975
20170829044,3.22
20170829054,3.39
20170829064,4.505
20170829074,6.465
20170829084,5.375
20170829094,9.805
20170829104,17.955
20170829114,18.95
20170829124,22.875
20170829134,16.4
20170829144,15.905
20170829154,14.87
20170829164,14.71
20170829174,15.315
20170829184,15.99
20170829194,13.28
20170829204,13.97
20170829214,13.21
20170829224,15.43
20170829234,13.72
20170830004,10.345
20170830014,7.77
20170830024,5.2
20170830034,5.49
20170830044,4.31
20170830054,4.475
20170830064,4.815
20170830074,5.535
20170830084,6.34
20170830094,9.645
20170830104,14.12
20170830114,14.72
20170830124,18.75
20170830134,14.13
20170830144,14.165
20170830154,15.785
20170830164,16.63
20170830174,16.725
20170830184,17.39
20170830194,14.865
20170830204,17.4
20170830214,16.025
20170830224,18.99
20170830234,16.32
20170831004,11.625
20170831014,8.33
20170831024,5.585
20170831034,5.105
20170831044,4.715
20170831054,4.79
20170831064,5.225
20170831074,5.26
20170831084,7.195
20170831094,10.645
20170831104,13.64
20170831114,14.4
20170831124,17.885
20170831134,14.365
20170831144,14.33
20170831154,15.825
20170831164,17.19
20170831174,17.305
20170831184,17.22
20170831194,11.605
20170831204,13.89
20170831214,13.885
20170831224,17.36
20170831234,14.4
20170901004,7.845
20170901014,6.475
20170901024,4.295
20170901034,4.29
20170901044,3.58
20170901054,4.505
20170901064,5.46
20170901074,6.85
20170901084,6.99
20170901094,7.035
20170901104,10.775
20170901114,11.565
20170901124,13.775
20170901134,13.655
20170901144,13.255
20170901154,14.75
20170901164,14.325
20170901174,14.61
20170901184,12.585
20170901194,13.2
20170901204,13.95
20170901214,12.075
20170901224,12.195
20170901234,10.95
20170902004,7.46
20170902014,6.735
20170902024,4.165
20170902034,4.055
20170902044,3.715
20170902054,3.735
20170902064,4.59
20170902074,5.18
20170902084,6.77
20170902094,6.65
20170902104,10.385
20170902114,8.465
20170902124,8.845
20170902134,9.18
20170902144,8.765
20170902154,8.43
20170902164,7.71
20170902174,8.005
20170902184,7.165
20170902194,7.585
20170902204,7.415
20170902214,6.805
20170902224,8.245
20170902234,9.075
20170903004,7.185
20170903014,7.05
20170903024,4.55
20170903034,3.965
20170903044,3.185
20170903054,2.95
20170903064,4.025
20170903074,4.675
20170903084,6.93
20170903094,7.825
20170903104,9.23
20170903114,8.145
20170903124,8.48
20170903134,8.505
20170903144,8.31
20170903154,9.31
20170903164,8.115
20170903174,7.92
20170903184,7.57
20170903194,7.89
20170903204,6.845
20170903214,6.935
20170903224,6.2
20170903234,7.725
20170904004,7.935
20170904014,5.215
20170904024,4.575
20170904034,4.28
20170904044,3.445
20170904054,4.165
20170904064,3.095
20170904074,5.095
20170904084,5.23
20170904094,7.445
20170904104,8.43
20170904114,10.105
20170904124,11.545
20170904134,10.125
20170904144,10.685
20170904154,10.82
20170904164,11.18
20170904174,10.505
20170904184,9.34
20170904194,7.885
20170904204,7.89
20170904214,8.135
20170904224,9.65
20170904234,8.83
20170905004,8.195
20170905014,6.755
20170905024,4.61
20170905034,4.435
20170905044,3.45
20170905054,3.88
20170905064,3.19
20170905074,5.61
20170905084,5.655
20170905094,8.725
20170905104,9.635
20170905114,11.485
20170905124,13.9
20170905134,11.47
20170905144,11.555
20170905154,11.52
20170905164,11.4
20170905174,10.875
20170905184,10.365
20170905194,8.81
20170905204,8.73
20170905214,8.965
20170905224,10.16
20170905234,8.975
20170906004,7.765
20170906014,7.4
20170906024,5.08
20170906034,4.42
20170906044,3.78
20170906054,3.905
20170906064,3.235
20170906074,5.58
20170906084,6.275
20170906094,8.855
20170906104,9.365
20170906114,11.02
20170906124,15.65
20170906134,13.39
20170906144,12.8
20170906154,12.9
20170906164,11.945
20170906174,11.27
20170906184,10.91
20170906194,10.67
20170906204,11.55
20170906214,11.13
20170906224,10.985
20170906234,9.845
20170907004,8.485
20170907014,7.66
20170907024,5.785
20170907034,5.41
20170907044,4.845
20170907054,5.115
20170907064,4.845
20170907074,5.855
20170907084,6.645
20170907094,8.745
20170907104,10.185
20170907114,11.48
20170907124,13.295
20170907134,11.685
20170907144,12.58
20170907154,14.215
20170907164,13.865
20170907174,12.535
20170907184,10.9
20170907194,10.505
20170907204,10.58
20170907214,9.745
20170907224,9.87
20170907234,9.3
20170908004,7.72
20170908014,6.73
20170908024,4.99
20170908034,5.06
20170908044,4.345
20170908054,4.53
20170908064,5.535
20170908074,4.98
20170908084,5.62
20170908094,7.62
20170908104,9.965
20170908114,11.045
20170908124,12.905
20170908134,11.78
20170908144,12.545
20170908154,14.735
20170908164,13.075
20170908174,12.04
20170908184,11.06
20170908194,11.915
20170908204,13.53
20170908214,11.525
20170908224,11.355
20170908234,10.13
20170909004,7.525
20170909014,6.16
20170909024,3.84
20170909034,3.905
20170909044,3.92
20170909054,3.47
20170909064,5.11
20170909074,4.27
20170909084,5.01
20170909094,6.96
20170909104,10.14
20170909114,8.235
20170909124,7.795
20170909134,9.62
20170909144,10.45
20170909154,9.18
20170909164,8.215
20170909174,9.46
20170909184,8.26
20170909194,9.1
20170909204,9.13
20170909214,7.89
20170909224,9.5
20170909234,9.15
20170910004,7.36
20170910014,6.07
20170910024,4.19
20170910034,3.825
20170910044,3.465
20170910054,3.15
20170910064,4.87
20170910074,4.225
20170910084,5.27
20170910094,7.07
20170910104,8.475
20170910114,7.18
20170910124,7.225
20170910134,7.935
20170910144,8.25
20170910154,8.705
20170910164,7.845
20170910174,8.255
20170910184,7.555
20170910194,8.81
20170910204,7.955
20170910214,7.895
20170910224,8.145
20170910234,8.4
20170911004,7.485
20170911014,5.48
20170911024,4.055
20170911034,4.01
20170911044,3.32
20170911054,3.85
20170911064,3.18
20170911074,4.715
20170911084,4.89
20170911094,6.635
20170911104,8.055
20170911114,8.975
20170911124,10.685
20170911134,9.72
20170911144,11.19
20170911154,11.655
20170911164,12.935
20170911174,11.515
20170911184,9.71
20170911194,8.395
20170911204,7.805
20170911214,8.205
20170911224,9.68
20170911234,8.99
20170912004,7.875
20170912014,6.965
20170912024,4.295
20170912034,4.115
20170912044,3.225
20170912054,3.735
20170912064,3.64
20170912074,5.545
20170912084,4.98
20170912094,7.95
20170912104,9.205
20170912114,10.13
20170912124,12.165
20170912134,10.49
20170912144,11.53
20170912154,11.65
20170912164,12.55
20170912174,11.29
20170912184,11.205
20170912194,9.465
20170912204,8.485
20170912214,9.055
20170912224,10.13
20170912234,9.04
20170913004,7.62
20170913014,7.145
20170913024,5.12
20170913034,4.05
20170913044,3.435
20170913054,4.185
20170913064,4.225
20170913074,5.78
20170913084,5.96
20170913094,8.245
20170913104,8.805
20170913114,10.265
20170913124,12.935
20170913134,12.88
20170913144,13.175
20170913154,13.135
20170913164,12.34
20170913174,11.395
20170913184,12.585
20170913194,11.615
20170913204,11.74
20170913214,11.375
20170913224,11.275
20170913234,9.755
20170914004,8.73
20170914014,7.02
20170914024,5.51
20170914034,5.34
20170914044,4.53
20170914054,4.98
20170914064,5.135
20170914074,5.085
20170914084,7.34
20170914094,9.065
20170914104,9.915
20170914114,12.175
20170914124,13.295
20170914134,13.92
20170914144,13.645
20170914154,15.235
20170914164,14.05
20170914174,12.83
20170914184,11.695
20170914194,11.175
20170914204,11.145
20170914214,9.86
20170914224,10.61
20170914234,9.44
20170915004,7.095
20170915014,5.8
20170915024,5.07
20170915034,5.47
20170915044,4.515
20170915054,4.65
20170915064,5.11
20170915074,3.78
20170915084,6.535
20170915094,7.985
20170915104,10.265
20170915114,11.195
20170915124,12.18
20170915134,11.05
20170915144,11.285
20170915154,14.86
20170915164,13.175
20170915174,12.02
20170915184,10.6
20170915194,11.69
20170915204,13.44
20170915214,10.785
20170915224,11.135
20170915234,9.59
20170916004,6.845
20170916014,5.98
20170916024,5.005
20170916034,4.82
20170916044,4.495
20170916054,4.39
20170916064,5.195
20170916074,4.01
20170916084,6.51
20170916094,6.995
20170916104,9.94
20170916114,7.575
20170916124,8.465
20170916134,6.61
20170916144,8.64
20170916154,7.985
20170916164,7.16
20170916174,8.215
20170916184,7.87
20170916194,8.705
20170916204,10.19
20170916214,9.39
20170916224,10.66
20170916234,9.865
20170917004,7.545
20170917014,6.585
20170917024,5.63
20170917034,4.395
20170917044,3.68
20170917054,3.925
20170917064,5.155
20170917074,4.865
20170917084,7.275
20170917094,7.18
20170917104,8.08
20170917114,6.745
20170917124,7.405
20170917134,6.965
20170917144,7.97
20170917154,8.135
20170917164,6.475
20170917174,6.645
20170917184,6.745
20170917194,7.885
20170917204,7.83
20170917214,8.335
20170917224,8.415
20170917234,8.525
20170918004,7.325
20170918014,5.11
20170918024,4.77
20170918034,4.18
20170918044,3.98
20170918054,4.145
20170918064,3.57
20170918074,5.165
20170918084,3.945
20170918094,6.24
20170918104,7.99
20170918114,9.235
20170918124,10.14
20170918134,10.205
20170918144,11.14
20170918154,12.255
20170918164,12.24
20170918174,11.46
20170918184,8.905
20170918194,8.51
20170918204,7.875
20170918214,8.185
20170918224,9.82
20170918234,8.105
20170919004,7.635
20170919014,5.395
20170919024,4.555
20170919034,4.125
20170919044,3.52
20170919054,3.36
20170919064,3.7
20170919074,5.38
20170919084,4.615
20170919094,7.53
20170919104,9.2
20170919114,10.505
20170919124,11.565
20170919134,10.775
20170919144,10.99
20170919154,12.31
20170919164,12.085
20170919174,11.3
20170919184,10.125
20170919194,9.45
20170919204,9.075
20170919214,9.01
20170919224,10.27
20170919234,8.515
20170920004,7.335
20170920014,6.08
20170920024,5.415
20170920034,3.605
20170920044,3.035
20170920054,3.12
20170920064,3.915
20170920074,5.25
20170920084,6.215
20170920094,8.26
20170920104,9.04
20170920114,9.455
20170920124,12.84
20170920134,10.12
20170920144,11.075
20170920154,13.505
20170920164,12.57
20170920174,11.345
20170920184,11.225
20170920194,11.565
20170920204,12.525
20170920214,12.045
20170920224,12.485
20170920234,10.975
20170921004,8.735
20170921014,7.54
20170921024,6.365
20170921034,4.66
20170921044,4.48
20170921054,3.68
20170921064,4.665
20170921074,5.425
20170921084,7.58
20170921094,9.685
20170921104,10.005
20170921114,10.675
20170921124,13.895
20170921134,11.12
20170921144,12.555
20170921154,16.975
20170921164,16.95
20170921174,14.595
20170921184,12.71
20170921194,12.42
20170921204,12.535
20170921214,11.64
20170921224,13.365
20170921234,11.14
20170922004,8.52
20170922014,6.525
20170922024,5.455
20170922034,5.15
20170922044,4.675
20170922054,3.975
20170922064,4.875
20170922074,5.31
20170922084,7.23
20170922094,8.635
20170922104,11.55
20170922114,11.905
20170922124,13.395
20170922134,11.1
20170922144,12.585
20170922154,17.525
20170922164,17.545
20170922174,15.895
20170922184,12.885
20170922194,14.41
20170922204,14.565
20170922214,11.47
20170922224,13.04
20170922234,11.93
20170923004,9.09
20170923014,5.685
20170923024,4.72
20170923034,5.085
20170923044,4.56
20170923054,4.41
20170923064,4.98
20170923074,5.105
20170923084,6.23
20170923094,7.57
20170923104,10.915
20170923114,9.985
20170923124,9.595
20170923134,8.175
20170923144,11.145
20170923154,9.835
20170923164,7.31
20170923174,8.5
20170923184,8.445
20170923194,9.345
20170923204,9.665
20170923214,7.905
20170923224,8.545
20170923234,7.7
20170924004,8.875
20170924014,6.175
20170924024,4.81
20170924034,4.285
20170924044,3.55
20170924054,4.185
20170924064,4.57
20170924074,4.72
20170924084,4.56
20170924094,6.765
20170924104,7.515
20170924114,7.67
20170924124,6.64
20170924134,6.305
20170924144,7.695
20170924154,8.605
20170924164,7.14
20170924174,7.39
20170924184,7.51
20170924194,7.82
20170924204,7.885
20170924214,8.155
20170924224,8.53
20170924234,8.455
20170925004,6.895
20170925014,5.225
20170925024,4.715
20170925034,3.55
20170925044,2.225
20170925054,3.975
20170925064,4.01
20170925074,5.965
20170925084,3.53
20170925094,6.6
20170925104,9.805
20170925114,9.55
20170925124,10.32
20170925134,9.85
20170925144,9.49
20170925154,11.5
20170925164,10.775
20170925174,11.47
20170925184,10.465
20170925194,8.32
20170925204,8.72
20170925214,8.435
20170925224,10.025
20170925234,9.81
20170926004,7.56
20170926014,5.82
20170926024,4.9
20170926034,4.11
20170926044,1.85
20170926054,3.095
20170926064,3.825
20170926074,6.045
20170926084,3.945
20170926094,7.63
20170926104,11.87
20170926114,12.04
20170926124,15.115
20170926134,11.65
20170926144,10.92
20170926154,12.05
20170926164,10.82
20170926174,11.755
20170926184,11.625
20170926194,9.91
20170926204,9.435
20170926214,9.25
20170926224,10.67
20170926234,9.735
20170927004,7.625
20170927014,6.38
20170927024,5.04
20170927034,4.455
20170927044,2.455
20170927054,2.76
20170927064,3.97
20170927074,6.135
20170927084,5.44
20170927094,8.31
20170927104,16.305
20170927114,17.05
20170927124,22.89
20170927134,15.53
20170927144,14.945
20170927154,14.655
20170927164,13.98
20170927174,14.415
20170927184,15.265
20170927194,14.945
20170927204,15.03
20170927214,13.55
20170927224,15.6
20170927234,13.585
20170928004,8.445
20170928014,7.3
20170928024,5.175
20170928034,5.265
20170928044,4.575
20170928054,4.36
20170928064,5.645
20170928074,6.34
20170928084,7.07
20170928094,11.2
20170928104,13.32
20170928114,14.855
20170928124,19.925
20170928134,15.56
20170928144,15.72
20170928154,16.99
20170928164,17.26
20170928174,17.44
20170928184,17.66
20170928194,14.035
20170928204,16.665
20170928214,15.105
20170928224,17.785
20170928234,15.76
20170929004,11.02
20170929014,8.06
20170929024,5.48
20170929034,5.475
20170929044,4.925
20170929054,4.745
20170929064,5.84
20170929074,5.325
20170929084,6.255
20170929094,9.47
20170929104,13.635
20170929114,14.195
20170929124,17.395
20170929134,13.91
20170929144,13.51
20170929154,15.3
20170929164,16.575
20170929174,16.93
20170929184,16.62
20170929194,11.69
20170929204,14.5
20170929214,14.79
20170929224,17.675
20170929234,14.48
20170930004,11.055
20170930014,7.195
20170930024,5.05
20170930034,5.34
20170930044,4.705
20170930054,4.91
20170930064,5.065
20170930074,4.49
20170930084,5.28
20170930094,7.85
20170930104,9.815
20170930114,9.15
20170930124,9.145
20170930134,7.96
20170930144,10.35
20170930154,9.225
20170930164,7.445
20170930174,8.56
20170930184,8.555
20170930194,8.93
20170930204,9.265
20170930214,8.11
20170930224,9.07
20170930234,8.07
20171001004,7.17
20171001014,6.175
20171001024,4.285
20171001034,3.865
20171001044,3.01
20171001054,3.115
20171001064,4.505
20171001074,6.155
20171001084,6.83
20171001094,6.975
20171001104,8.13
20171001114,7.245
20171001124,7.505
20171001134,7.81
20171001144,7.51
20171001154,8.005
20171001164,7.5
20171001174,7.475
20171001184,6.69
20171001194,6.96
20171001204,6.87
20171001214,6.78
20171001224,6.315
20171001234,7.67
20171002004,7.955
20171002014,4.47
20171002024,4.155
20171002034,4.015
20171002044,3.46
20171002054,4.195
20171002064,3.41
20171002074,5.815
20171002084,5.585
20171002094,6.88
20171002104,8.585
20171002114,10.155
20171002124,11.615
20171002134,10.495
20171002144,10.94
20171002154,11.13
20171002164,11.41
20171002174,11.18
20171002184,9.515
20171002194,8.77
20171002204,8.775
20171002214,8.89
20171002224,10.025
20171002234,9.32
20171003004,8.12
20171003014,5.735
20171003024,4.27
20171003034,4.085
20171003044,3.41
20171003054,3.82
20171003064,3.435
20171003074,5.82
20171003084,6.055
20171003094,8.4
20171003104,9.73
20171003114,11.405
20171003124,13.71
20171003134,11.655
20171003144,11.685
20171003154,11.71
20171003164,11.505
20171003174,11.39
20171003184,10.44
20171003194,9.68
20171003204,9.495
20171003214,9.61
20171003224,10.45
20171003234,9.475
20171004004,7.765
20171004014,5.705
20171004024,4.52
20171004034,4.28
20171004044,3.49
20171004054,4.05
20171004064,3.465
20171004074,5.505
20171004084,6.265
20171004094,8.355
20171004104,9.265
20171004114,10.935
20171004124,14.27
20171004134,12.555
20171004144,12.415
20171004154,12.515
20171004164,11.66
20171004174,11.055
20171004184,10.935
20171004194,10.695
20171004204,11.505
20171004214,11.12
20171004224,10.94
20171004234,9.85
20171005004,8.595
20171005014,6.0
20171005024,4.69
20171005034,5.165
20171005044,4.355
20171005054,4.92
20171005064,4.62
20171005074,5.71
20171005084,6.79
20171005094,9.045
20171005104,10.105
20171005114,11.9
20171005124,14.09
20171005134,12.52
20171005144,12.755
20171005154,14.425
20171005164,13.92
20171005174,12.75
20171005184,11.05
20171005194,10.51
20171005204,10.74
20171005214,9.855
20171005224,10.135
20171005234,9.435
20171006004,7.52
20171006014,5.62
20171006024,3.975
20171006034,4.865
20171006044,3.915
20171006054,3.97
20171006064,4.54
20171006074,4.73
20171006084,5.85
20171006094,7.925
20171006104,9.965
20171006114,11.39
20171006124,14.0
20171006134,12.225
20171006144,12.505
20171006154,14.82
20171006164,13.075
20171006174,11.99
20171006184,11.065
20171006194,11.925
20171006204,13.67
20171006214,11.65
20171006224,11.655
20171006234,10.305
20171007004,7.095
20171007014,5.385
20171007024,4.015
20171007034,4.31
20171007044,4.075
20171007054,3.785
20171007064,4.805
20171007074,4.77
20171007084,5.39
20171007094,6.935
20171007104,10.315
20171007114,8.445
20171007124,7.985
20171007134,9.4
20171007144,10.085
20171007154,9.135
20171007164,8.155
20171007174,9.095
20171007184,7.985
20171007194,8.72
20171007204,8.515
20171007214,7.475
20171007224,8.86
20171007234,8.915
20171008004,7.25
20171008014,5.235
20171008024,4.405
20171008034,4.18
20171008044,3.48
20171008054,3.495
20171008064,4.925
20171008074,4.825
20171008084,5.655
20171008094,6.955
20171008104,8.395
20171008114,7.015
20171008124,7.215
20171008134,7.9
20171008144,8.14
20171008154,8.5
20171008164,7.74
20171008174,8.135
20171008184,7.33
20171008194,8.47
20171008204,7.755
20171008214,7.7
20171008224,7.77
20171008234,8.13
20171009004,7.56
20171009014,4.815
20171009024,3.815
20171009034,3.69
20171009044,3.405
20171009054,3.82
20171009064,3.355
20171009074,5.015
20171009084,4.76
20171009094,6.665
20171009104,8.245
20171009114,9.22
20171009124,11.0
20171009134,9.805
20171009144,11.135
20171009154,11.51
20171009164,12.4
20171009174,11.27
20171009184,9.36
20171009194,8.275
20171009204,7.935
20171009214,8.23
20171009224,9.71
20171009234,8.925
20171010004,7.775
20171010014,5.69
20171010024,3.82
20171010034,3.77
20171010044,3.395
20171010054,3.73
20171010064,3.64
20171010074,5.195
20171010084,4.785
20171010094,7.585
20171010104,9.275
20171010114,10.3
20171010124,12.27
20171010134,10.46
20171010144,11.515
20171010154,11.63
20171010164,12.25
20171010174,11.155
20171010184,10.96
20171010194,9.32
20171010204,8.535
20171010214,9.025
20171010224,10.0
20171010234,9.07
20171011004,7.41
20171011014,5.72
20171011024,4.47
20171011034,4.03
20171011044,3.55
20171011054,3.955
20171011064,3.805
20171011074,5.445
20171011084,6.06
20171011094,8.065
20171011104,8.865
20171011114,10.19
20171011124,13.17
20171011134,12.575
20171011144,13.16
20171011154,13.125
20171011164,12.395
20171011174,11.285
20171011184,11.59
20171011194,11.13
20171011204,11.465
20171011214,11.275
20171011224,11.025
20171011234,9.87
20171012004,8.675
20171012014,6.165
20171012024,4.895
20171012034,5.21
20171012044,4.375
20171012054,4.7
20171012064,4.94
20171012074,5.115
20171012084,6.775
20171012094,9.0
20171012104,9.87
20171012114,11.765
20171012124,13.1
20171012134,12.68
20171012144,13.01
20171012154,14.57
20171012164,14.155
20171012174,12.68
20171012184,11.47
20171012194,10.76
20171012204,10.625
20171012214,9.685
20171012224,10.385
20171012234,9.375
20171013004,7.22
20171013014,5.61
20171013024,4.48
20171013034,5.025
20171013044,4.18
20171013054,4.43
20171013064,5.045
20171013074,4.085
20171013084,6.035
20171013094,7.84
20171013104,10.005
20171013114,11.17
20171013124,12.56
20171013134,12.315
20171013144,12.47
20171013154,15.38
20171013164,13.625
20171013174,12.405
20171013184,11.755
20171013194,12.615
20171013204,14.105
20171013214,11.61
20171013224,11.545
20171013234,9.945
20171014004,7.07
20171014014,5.295
20171014024,4.445
20171014034,4.645
20171014044,4.15
20171014054,4.285
20171014064,4.985
20171014074,4.005
20171014084,6.32
20171014094,6.885
20171014104,9.86
20171014114,7.615
20171014124,8.48
20171014134,6.66
20171014144,8.76
20171014154,8.125
20171014164,7.29
20171014174,8.305
20171014184,7.85
20171014194,8.8
20171014204,9.995
20171014214,9.0
20171014224,10.28
20171014234,9.515
20171015004,7.465
20171015014,5.37
20171015024,4.955
20171015034,4.425
20171015044,3.47
20171015054,3.72
20171015064,4.825
20171015074,4.455
20171015084,6.675
20171015094,7.185
20171015104,8.0
20171015114,6.64
20171015124,7.255
20171015134,6.82
20171015144,7.73
20171015154,7.985
20171015164,6.485
20171015174,6.62
20171015184,6.595
20171015194,7.75
20171015204,7.71
20171015214,8.18
20171015224,8.245
20171015234,8.42
20171016004,6.96
20171016014,4.52
20171016024,4.215
20171016034,4.38
20171016044,3.755
20171016054,4.27
20171016064,3.725
20171016074,5.255
20171016084,4.18
20171016094,6.385
20171016104,8.015
20171016114,9.17
20171016124,10.16
20171016134,10.185
20171016144,11.21
20171016154,11.985
20171016164,12.165
20171016174,11.345
20171016184,9.395
20171016194,8.585
20171016204,7.985
20171016214,8.3
20171016224,9.88
20171016234,8.29
20171017004,7.43
20171017014,5.07
20171017024,4.18
20171017034,4.105
20171017044,3.425
20171017054,3.635
20171017064,3.93
20171017074,5.49
20171017084,4.83
20171017094,7.425
20171017104,9.22
20171017114,10.58
20171017124,11.575
20171017134,10.845
20171017144,11.055
20171017154,12.275
20171017164,11.9
20171017174,11.18
20171017184,10.185
20171017194,9.495
20171017204,9.085
20171017214,9.08
20171017224,10.225
20171017234,8.445
20171018004,7.525
20171018014,5.48
20171018024,5.035
20171018034,4.0
20171018044,3.375
20171018054,3.685
20171018064,4.07
20171018074,5.245
20171018084,6.305
20171018094,8.08
20171018104,8.79
20171018114,9.73
20171018124,12.895
20171018134,10.955
20171018144,11.695
20171018154,13.39
20171018164,12.555
20171018174,11.39
20171018184,11.075
20171018194,11.37
20171018204,12.17
20171018214,11.575
20171018224,11.985
20171018234,10.145
20171019004,8.72
20171019014,6.03
20171019024,5.15
20171019034,4.965
20171019044,4.69
20171019054,4.08
20171019064,4.765
20171019074,5.315
20171019084,7.605
20171019094,9.32
20171019104,9.9
20171019114,11.27
20171019124,13.175
20171019134,11.245
20171019144,12.005
20171019154,16.09
20171019164,15.745
20171019174,13.61
20171019184,11.44
20171019194,11.315
20171019204,11.645
20171019214,10.14
20171019224,11.725
20171019234,9.905
20171020004,8.37
20171020014,5.3
20171020024,4.77
20171020034,4.6
20171020044,4.295
20171020054,3.915
20171020064,5.045
20171020074,5.275
20171020084,6.835
20171020094,8.145
20171020104,10.355
20171020114,10.55
20171020124,12.44
20171020134,10.545
20171020144,11.46
20171020154,15.96
20171020164,14.755
20171020174,13.21
20171020184,11.505
20171020194,13.28
20171020204,15.13
20171020214,11.665
20171020224,12.205
20171020234,11.035
20171021004,8.81
20171021014,5.69
20171021024,5.075
20171021034,4.685
20171021044,4.26
20171021054,4.12
20171021064,5.125
20171021074,5.06
20171021084,6.635
20171021094,7.325
20171021104,10.675
20171021114,9.335
20171021124,9.365
20171021134,8.025
20171021144,10.685
20171021154,9.195
20171021164,7.025
20171021174,8.12
20171021184,8.02
20171021194,9.01
20171021204,9.67
20171021214,8.085
20171021224,8.71
20171021234,7.825
20171022004,8.705
20171022014,5.915
20171022024,4.95
20171022034,4.27
20171022044,3.585
20171022054,3.895
20171022064,4.63
20171022074,4.96
20171022084,6.81
20171022094,7.695
20171022104,7.355
20171022114,7.535
20171022124,6.64
20171022134,6.26
20171022144,7.61
20171022154,8.44
20171022164,6.96
20171022174,7.245
20171022184,7.26
20171022194,7.585
20171022204,7.755
20171022214,8.045
20171022224,8.27
20171022234,8.215
20171023004,7.0
20171023014,4.57
20171023024,4.505
20171023034,3.84
20171023044,2.86
20171023054,3.825
20171023064,3.875
20171023074,5.635
20171023084,4.015
20171023094,6.815
20171023104,9.615
20171023114,9.54
20171023124,10.365
20171023134,9.775
20171023144,9.41
20171023154,11.67
20171023164,11.025
20171023174,11.415
20171023184,10.35
20171023194,8.665
20171023204,9.015
20171023214,8.635
20171023224,10.165
20171023234,9.92
20171024004,7.6
20171024014,5.13
20171024024,4.645
20171024034,4.435
20171024044,2.36
20171024054,3.11
20171024064,3.835
20171024074,5.79
20171024084,4.0
20171024094,7.395
20171024104,11.65
20171024114,11.86
20171024124,14.715
20171024134,11.355
20171024144,10.705
20171024154,12.325
20171024164,11.28
20171024174,11.945
20171024184,11.565
20171024194,10.045
20171024204,9.655
20171024214,9.41
20171024224,10.745
20171024234,9.825
20171025004,7.045
20171025014,5.505
20171025024,4.7
20171025034,4.535
20171025044,2.89
20171025054,3.485
20171025064,4.365
20171025074,6.065
20171025084,5.545
20171025094,8.185
20171025104,10.665
20171025114,10.875
20171025124,15.62
20171025134,11.635
20171025144,12.445
20171025154,14.335
20171025164,13.955
20171025174,13.46
20171025184,12.845
20171025194,13.405
20171025204,13.515
20171025214,12.295
20171025224,13.75
20171025234,12.235
20171026004,8.28
20171026014,6.345
20171026024,4.93
20171026034,4.745
20171026044,3.83
20171026054,3.97
20171026064,5.175
20171026074,5.81
20171026084,6.295
20171026094,9.6
20171026104,11.86
20171026114,12.73
20171026124,15.935
20171026134,12.655
20171026144,13.915
20171026154,16.76
20171026164,16.7
20171026174,15.765
20171026184,13.915
20171026194,13.615
20171026204,13.79
20171026214,11.51
20171026224,13.425
20171026234,12.115
20171027004,8.32
20171027014,5.715
20171027024,4.64
20171027034,5.145
20171027044,3.935
20171027054,4.07
20171027064,4.885
20171027074,5.06
20171027084,5.07
20171027094,7.47
20171027104,15.86
20171027114,16.26
20171027124,19.17
20171027134,13.84
20171027144,13.515
20171027154,13.975
20171027164,13.8
20171027174,14.515
20171027184,14.28
20171027194,13.565
20171027204,14.465
20171027214,13.075
20171027224,14.585
20171027234,12.88
20171028004,8.34
20171028014,5.82
20171028024,4.61
20171028034,5.0
20171028044,4.37
20171028054,4.56
20171028064,5.075
20171028074,4.85
20171028084,5.09
20171028094,8.015
20171028104,9.82
20171028114,9.255
20171028124,9.215
20171028134,8.095
20171028144,10.53
20171028154,9.395
20171028164,7.595
20171028174,8.67
20171028184,8.655
20171028194,9.18
20171028204,9.57
20171028214,8.25
20171028224,9.1
20171028234,8.11
20171029004,10.67
20171029014,7.025
20171029024,4.475
20171029034,3.815
20171029044,3.865
20171029054,4.315
20171029064,5.005
20171029074,4.79
20171029084,5.805
20171029094,8.73
20171029104,6.91
20171029114,7.195
20171029124,6.67
20171029134,6.34
20171029144,7.325
20171029154,8.315
20171029164,7.51
20171029174,7.59
20171029184,7.685
20171029194,7.45
20171029204,7.665
20171029214,8.12
20171029224,8.83
20171029234,8.57
20171030004,10.075
20171030014,6.115
20171030024,4.59
20171030034,5.01
20171030044,3.525
20171030054,4.15
20171030064,4.055
20171030074,5.375
20171030084,4.335
20171030094,7.94
20171030104,16.805
20171030114,17.245
20171030124,19.32
20171030134,14.465
20171030144,13.815
20171030154,13.505
20171030164,13.725
20171030174,14.345
20171030184,14.88
20171030194,12.33
20171030204,13.105
20171030214,12.495
20171030224,14.77
20171030234,12.935
20171031004,10.78
20171031014,6.495
20171031024,4.71
20171031034,5.285
20171031044,3.57
20171031054,3.86
20171031064,3.74
20171031074,5.265
20171031084,5.0
20171031094,8.87
20171031104,18.315
20171031114,18.945
20171031124,22.27
20171031134,15.545
20171031144,14.9
20171031154,14.185
20171031164,14.36
20171031174,15.005
20171031184,15.755
20171031194,13.275
20171031204,14.015
20171031214,13.46
20171031224,15.73
20171031234,13.33
